registro_id,anio_contrato,cosecha,cobertura,cultivo,provincia,departamento,provincia_norm,departamento_norm,cultivo_norm,cobertura_norm,has,suma_asegurada_usd,suma_asegurada_helada_usd,prima_usd,st_pagado_usd,rsp_usd,hyg_usd,siniestros_total_usd,resultado_tecnico_usd,tasa_prima_pct,loss_cost_campania_pct,loss_ratio_pct,prima_por_ha_usd,suma_asegurada_por_ha_usd,siniestros_por_ha_usd,share_suma_asegurada_pct,siniestro_flag,semaforo_loss_ratio,cluster_negocio,fuente_archivo,fuente_solapa,fuente_columnas
1,2025,FINA,BASICA,TRIGO,BUENOS AIRES,9 DE JULIO,BUENOSAIRES,9DEJULIO,TRIGO,BASICA,213.0,120338.08180535966,0.0,3453.1456391526663,0.0,0.0,0.0,0.0,3453.1456391526663,0.02869536880883595,0.0,0.0,16.211951357524256,564.9675202129562,0.0,0.0018540197438783434,False,Normal,Sin siniestros,Copia de REA 25-26 v2.xlsx,25-26,A:M
2,2025,FINA,BASICA,TRIGO,BUENOS AIRES,BALCARCE,BUENOSAIRES,BALCARCE,TRIGO,BASICA,474.8,335437.90197461215,0.0,7781.0,0.0,0.0,0.0,0.0,7781.0,0.023196543843721364,0.0,0.0,16.387952822240944,706.4825231141789,0.0,0.0051680106893507135,False,Normal,Sin siniestros,Copia de REA 25-26 v2.xlsx,25-26,A:M
3,2025,FINA,BASICA,TRIGO,BUENOS AIRES,BENITO JUAREZ,BUENOSAIRES,BENITOJUAREZ,TRIGO,BASICA,256.0,143634.41466854725,0.0,4463.263696128561,0.0,0.0,0.0,0.0,4463.263696128561,0.031073776479181883,0.0,0.0,17.43462381300219,561.0719322990127,0.0,0.0022129407142007073,False,Normal,Sin siniestros,Copia de REA 25-26 v2.xlsx,25-26,A:M
4,2025,FINA,BASICA,TRIGO,BUENOS AIRES,BOLIVAR,BUENOSAIRES,BOLIVAR,TRIGO,BASICA,559.0,316359.3088857546,0.0,8912.967129291454,1350.7669831994156,2033.5167713659605,0.0,3384.283754565376,5528.683374726077,0.028173557341124908,0.010697594979850986,0.3797033810932963,15.944485025566106,565.9379407616361,6.054174873998884,0.004874071416416521,True,Normal,Rentable con siniestro,Copia de REA 25-26 v2.xlsx,25-26,A:M
5,2025,FINA,BASICA,TRIGO,BUENOS AIRES,TANDIL,BUENOSAIRES,TANDIL,TRIGO,BASICA,73.0,43645.557122708036,0.0,2056.9523009495983,0.0,0.0,0.0,0.0,2056.9523009495983,0.04712856099342586,0.0,0.0,28.177428780131486,597.8843441466854,0.0,0.0006724365506253793,False,Normal,Sin siniestros,Copia de REA 25-26 v2.xlsx,25-26,A:M
6,2025,FINA,BASICA,TRIGO,BUENOS AIRES,CARLOS TEJEDOR,BUENOSAIRES,CARLOSTEJEDOR,TRIGO,BASICA,209.0,113387.30606488012,0.0,3019.1657706355004,0.0,0.0,0.0,0.0,3019.1657706355004,0.02662701739212268,0.0,0.0,14.445769237490433,542.5229955257422,0.0,0.0017469308218614253,False,Normal,Sin siniestros,Copia de REA 25-26 v2.xlsx,25-26,A:M
7,2025,FINA,BASICA,TRIGO,BUENOS AIRES,CHIVILCOY,BUENOSAIRES,CHIVILCOY,TRIGO,BASICA,216.5,96301.27644569817,0.0,2743.0715266617967,0.0,0.0,0.0,0.0,2743.0715266617967,0.028484269657718865,0.0,0.0,12.670076335620308,444.8095909732017,0.0,0.00148369049275521,False,Normal,Sin siniestros,Copia de REA 25-26 v2.xlsx,25-26,A:M
8,2025,FINA,BASICA,TRIGO,BUENOS AIRES,COLON,BUENOSAIRES,COLON,TRIGO,BASICA,142.8,8443.528349788434,0.0,247.5045507669832,0.0,0.0,0.0,0.0,247.5045507669832,0.029312929442960278,0.0,0.0,1.733225145427053,59.128349788434406,0.0,0.0001300874007101471,False,Normal,Sin siniestros,Copia de REA 25-26 v2.xlsx,25-26,A:M
9,2025,FINA,BASICA,TRIGO,BUENOS AIRES,GENERAL PINTO,BUENOSAIRES,GENERALPINTO,TRIGO,BASICA,411.0,103378.96332863187,0.0,2569.8998392987583,0.0,0.0,0.0,0.0,2569.8998392987583,0.024859021183345507,0.0,0.0,6.252797662527392,251.53032440056415,0.0,0.0015927347040728898,False,Normal,Sin siniestros,Copia de REA 25-26 v2.xlsx,25-26,A:M
10,2025,FINA,BASICA,TRIGO,BUENOS AIRES,GENERAL VILLEGAS,BUENOSAIRES,GENERALVILLEGAS,TRIGO,BASICA,2018.0,881066.5884344147,0.0,24346.0,0.0,0.0,0.0,0.0,24346.0,0.027632417707793126,0.0,0.0,12.064420218037661,436.60385948187053,0.0,0.013574379997772121,False,Normal,Sin siniestros,Copia de REA 25-26 v2.xlsx,25-26,A:M
11,2025,FINA,BASICA,TRIGO,BUENOS AIRES,LEANDRO N. ALEM,BUENOSAIRES,LEANDRONALEM,TRIGO,BASICA,233.0,92518.47672778562,0.0,2175.3398392987583,0.0,0.0,0.0,0.0,2175.3398392987583,0.023512490869247626,0.0,0.0,9.336222486260766,397.0750074153889,0.0,0.0014254098117028808,False,Normal,Sin siniestros,Copia de REA 25-26 v2.xlsx,25-26,A:M
12,2025,FINA,BASICA,TRIGO,BUENOS AIRES,LINCOLN,BUENOSAIRES,LINCOLN,TRIGO,BASICA,3196.0,1343393.497884344,0.0,33329.46867786705,50015.342775748715,1189.1959313367422,0.0,51204.538707085456,-17875.070029218405,0.024809907692985175,0.038115815498381826,1.5363142809740804,10.428494580058526,420.3358879487935,16.02144515240471,0.020697338959614633,True,Crítico,Resultado negativo,Copia de REA 25-26 v2.xlsx,25-26,A:M
13,2025,FINA,BASICA,TRIGO,BUENOS AIRES,MAIPU,BUENOSAIRES,MAIPU,TRIGO,BASICA,272.0,228725.52891396332,0.0,6325.555704894083,0.0,0.0,0.0,0.0,6325.555704894083,0.027655661066471875,0.0,0.0,23.255719503287068,840.9026798307475,0.0,0.003523918947132643,False,Normal,Sin siniestros,Copia de REA 25-26 v2.xlsx,25-26,A:M
14,2025,FINA,BASICA,TRIGO,BUENOS AIRES,OLAVARRIA,BUENOSAIRES,OLAVARRIA,TRIGO,BASICA,277.0,167606.4880112835,0.0,4635.268224981739,0.0,0.0,0.0,0.0,4635.268224981739,0.027655661066471878,0.0,0.0,16.73382030679328,605.077574047955,0.0,0.002582272654783071,False,Normal,Sin siniestros,Copia de REA 25-26 v2.xlsx,25-26,A:M
15,2025,FINA,BASICA,TRIGO,BUENOS AIRES,PEHUAJO,BUENOSAIRES,PEHUAJO,TRIGO,BASICA,168.0,59297.602256699574,0.0,1999.618407596786,35328.97472607743,680.4285609934258,0.0,36009.403287070854,-34009.78487947407,0.03372174137733983,0.6072657563991541,18.008137527773744,11.90249052140944,352.9619181946403,214.3416862325646,0.0009135838273239746,True,Crítico,Resultado negativo,Copia de REA 25-26 v2.xlsx,25-26,A:M
16,2025,FINA,BASICA,TRIGO,BUENOS AIRES,PERGAMINO,BUENOSAIRES,PERGAMINO,TRIGO,BASICA,442.0,99990.2538787024,0.0,2505.762512783054,0.0,0.0,0.0,0.0,2505.762512783054,0.02506006751240756,0.0,0.0,5.669145956522746,226.2222938432181,0.0,0.0015405256765382948,False,Normal,Sin siniestros,Copia de REA 25-26 v2.xlsx,25-26,A:M
17,2025,FINA,BASICA,TRIGO,BUENOS AIRES,PUAN,BUENOSAIRES,PUAN,TRIGO,BASICA,2836.0,835003.1205923837,0.0,24069.884572680785,77818.13529583637,3621.4858436815193,0.0,81439.6211395179,-57369.73656683711,0.028826101339123947,0.09753211590603574,3.383465379470557,8.487265364132858,294.4298732695288,28.716368525923095,0.012864691281038504,True,Crítico,Resultado negativo,Copia de REA 25-26 v2.xlsx,25-26,A:M
18,2025,FINA,BASICA,TRIGO,BUENOS AIRES,RAMALLO,BUENOSAIRES,RAMALLO,TRIGO,BASICA,1138.0,159559.5909732017,0.0,4289.290869247627,0.0,0.0,0.0,0.0,4289.290869247627,0.02688206232596836,0.0,0.0,3.769148391254505,140.21053688330554,0.0,0.002458296056837205,False,Normal,Sin siniestros,Copia de REA 25-26 v2.xlsx,25-26,A:M
19,2025,FINA,BASICA,TRIGO,BUENOS AIRES,RIVADAVIA,BUENOSAIRES,RIVADAVIA,TRIGO,BASICA,1370.0,147277.41537376586,0.0,4530.708254200146,0.0,0.0,0.0,0.0,4530.708254200146,0.030763089117920448,0.0,0.0,3.3070863169344134,107.50176304654443,0.0,0.002269067545650145,False,Normal,Sin siniestros,Copia de REA 25-26 v2.xlsx,25-26,A:M
20,2025,FINA,BASICA,TRIGO,BUENOS AIRES,ROJAS,BUENOSAIRES,ROJAS,TRIGO,BASICA,55.0,33477.08039492243,0.0,925.8307888970052,0.0,0.0,0.0,0.0,925.8307888970052,0.027655661066471878,0.0,0.0,16.833287070854638,608.6741889985896,0.0,0.0005157732871293319,False,Normal,Sin siniestros,Copia de REA 25-26 v2.xlsx,25-26,A:M
21,2025,FINA,BASICA,TRIGO,BUENOS AIRES,SALLIQUELLO,BUENOSAIRES,SALLIQUELLO,TRIGO,BASICA,173.0,52137.905500705216,0.0,1177.2883783783784,0.0,0.0,0.0,0.0,1177.2883783783784,0.02258027757487217,0.0,0.0,6.805135135135135,301.3751763046544,0.0,0.000803276109711643,False,Normal,Sin siniestros,Copia de REA 25-26 v2.xlsx,25-26,A:M
22,2025,FINA,BASICA,TRIGO,BUENOS AIRES,SAN NICOLAS,BUENOSAIRES,SANNICOLAS,TRIGO,BASICA,14.0,6086.741889985896,0.0,153.2918918918919,0.0,0.0,0.0,0.0,153.2918918918919,0.025184555984555986,0.0,0.0,10.94942084942085,434.7672778561354,0.0,9.377696129624216e-05,False,Normal,Sin siniestros,Copia de REA 25-26 v2.xlsx,25-26,A:M
23,2025,FINA,BASICA,TRIGO,BUENOS AIRES,TRES LOMAS,BUENOSAIRES,TRESLOMAS,TRIGO,BASICA,52.0,12261.988716502115,0.0,364.5151570489408,0.0,0.0,0.0,0.0,364.5151570489408,0.029727246165084,0.0,0.0,7.009906866325784,235.80747531734838,0.0,0.00018891749676033025,False,Normal,Sin siniestros,Copia de REA 25-26 v2.xlsx,25-26,A:M
24,2025,FINA,BASICA,FINA OTROS,BUENOS AIRES,ADOLFO ALSINA,BUENOSAIRES,ADOLFOALSINA,FINAOTROS,BASICA,785.0,221098.90691114246,0.0,5908.987275383492,0.0,0.0,0.0,0.0,5908.987275383492,0.026725538167216074,0.0,0.0,7.527372325329289,281.6546584855318,0.0,0.0034064174250858035,False,Normal,Sin siniestros,Copia de REA 25-26 v2.xlsx,25-26,A:M
25,2025,FINA,BASICA,FINA OTROS,BUENOS AIRES,BALCARCE,BUENOSAIRES,BALCARCE,FINAOTROS,BASICA,652.2,428974.33356840623,0.0,10169.674872169468,16969.725872899926,1798.7877282688096,0.0,18768.513601168735,-8598.838728999268,0.023706954184352768,0.04375206657480784,1.845537230745795,15.592877755549628,657.7343354314722,28.777236432334767,0.006609103885661713,True,Crítico,Resultado negativo,Copia de REA 25-26 v2.xlsx,25-26,A:M
26,2025,FINA,BASICA,FINA OTROS,BUENOS AIRES,BENITO JUAREZ,BUENOSAIRES,BENITOJUAREZ,FINAOTROS,BASICA,246.0,138023.69534555712,0.0,4301.208867786706,0.0,0.0,0.0,0.0,4301.208867786706,0.0311628293751893,0.0,0.0,17.484588893441895,561.0719322990127,0.0,0.002126497717552242,False,Normal,Sin siniestros,Copia de REA 25-26 v2.xlsx,25-26,A:M
27,2025,FINA,BASICA,FINA OTROS,BUENOS AIRES,BOLIVAR,BUENOSAIRES,BOLIVAR,FINAOTROS,BASICA,348.0,180534.2031029619,0.0,5460.282688093499,55874.924178232286,700.5587216946676,0.0,56575.48289992695,-51115.20021183345,0.030245142439737038,0.31337819608432277,10.361273606455114,15.690467494521549,518.7764456981664,162.57322672392803,0.0027814468369174775,True,Crítico,Resultado negativo,Copia de REA 25-26 v2.xlsx,25-26,A:M
28,2025,FINA,BASICA,FINA OTROS,BUENOS AIRES,TANDIL,BUENOSAIRES,TANDIL,FINAOTROS,BASICA,109.0,65169.39351198872,0.0,3071.3397370343314,0.0,0.0,0.0,0.0,3071.3397370343314,0.047128560993425855,0.0,0.0,28.177428780131482,597.8843441466855,0.0,0.001004049096139265,False,Normal,Sin siniestros,Copia de REA 25-26 v2.xlsx,25-26,A:M
29,2025,FINA,BASICA,FINA OTROS,BUENOS AIRES,CORONEL SUAREZ,BUENOSAIRES,CORONELSUAREZ,FINAOTROS,BASICA,82.0,34280.39492242595,0.0,1019.061738495252,9609.056508400292,1527.492520087655,0.0,11136.549028487947,-10117.487289992696,0.029727246165084008,0.32486641573672503,10.92823781700625,12.427582176771367,418.0535966149506,135.8115735181457,0.0005281497599149359,True,Crítico,Resultado negativo,Copia de REA 25-26 v2.xlsx,25-26,A:M
30,2025,FINA,BASICA,FINA OTROS,BUENOS AIRES,DAIREAUX,BUENOSAIRES,DAIREAUX,FINAOTROS,BASICA,230.1,112859.34414668547,0.0,3413.4485025566105,97272.19138056975,668.8625273922571,0.0,97941.053907962,-94527.6054054054,0.030245156290471486,0.8678151964153373,28.692700017183782,14.834630606504174,490.4795486600846,425.64560585815735,0.0017387966401820796,True,Crítico,Resultado negativo,Copia de REA 25-26 v2.xlsx,25-26,A:M
31,2025,FINA,BASICA,FINA OTROS,BUENOS AIRES,GENERAL VILLEGAS,BUENOSAIRES,GENERALVILLEGAS,FINAOTROS,BASICA,84.0,13227.926657263752,0.0,395.96968590211833,0.0,0.0,0.0,0.0,395.96968590211833,0.02993437264672786,0.0,0.0,4.713924832168075,157.47531734837798,0.0,0.00020379946917227124,False,Normal,Sin siniestros,Copia de REA 25-26 v2.xlsx,25-26,A:M
32,2025,FINA,BASICA,FINA OTROS,BUENOS AIRES,PUAN,BUENOSAIRES,PUAN,FINAOTROS,BASICA,4325.0,1212879.8483779973,0.0,31090.0,52460.85028487948,1307.8885390796202,0.0,53768.7388239591,-22678.738823959102,0.02563320681894182,0.04433146357890673,1.7294544491463204,7.188439306358381,280.4346470238144,12.432078340799793,0.018686546703329827,True,Crítico,Resultado negativo,Copia de REA 25-26 v2.xlsx,25-26,A:M
33,2025,FINA,BASICA,FINA OTROS,BUENOS AIRES,RAMALLO,BUENOSAIRES,RAMALLO,FINAOTROS,BASICA,858.0,308544.9400564175,0.0,9087.913177501829,0.0,0.0,0.0,0.0,9087.913177501829,0.029454098893471087,0.0,0.0,10.591973400351781,359.60948724524184,0.0,0.004753677324386933,False,Normal,Sin siniestros,Copia de REA 25-26 v2.xlsx,25-26,A:M
34,2025,FINA,BASICA,FINA OTROS,BUENOS AIRES,SAAVEDRA,BUENOSAIRES,SAAVEDRA,FINAOTROS,BASICA,68.0,16784.203102961917,0.0,496.59436815193567,0.0,0.0,0.0,0.0,496.59436815193567,0.029587008993253984,0.0,0.0,7.302858355175524,246.8265162200282,0.0,0.0002585901609142119,False,Normal,Sin siniestros,Copia de REA 25-26 v2.xlsx,25-26,A:M
35,2025,FINA,BASICA + HELADAS,TRIGO,BUENOS AIRES,ADOLFO ALSINA,BUENOSAIRES,ADOLFOALSINA,TRIGO,BASICAHELADAS,1480.0,450721.0155148096,270432.60930888576,22201.229101533965,125285.1234477721,1366.4740759678598,0.0,126651.59752373995,-104450.368422206,0.04925714208416911,0.28099776394734916,5.704711074531866,15.000830474009437,304.54122669919565,85.57540373225673,0.006944149758818375,True,Crítico,Resultado negativo,Copia de REA 25-26 v2.xlsx,25-26,A:M
36,2025,FINA,BASICA + HELADAS,TRIGO,BUENOS AIRES,BOLIVAR,BUENOSAIRES,BOLIVAR,TRIGO,BASICAHELADAS,165.0,90812.83497884344,90812.83497884344,3489.749481373265,0.0,0.0,0.0,0.0,3489.749481373265,0.038427932375266864,0.0,0.0,21.149996856807668,550.3808180535966,0.0,0.0013991314014849348,False,Normal,Sin siniestros,Copia de REA 25-26 v2.xlsx,25-26,A:M
37,2025,FINA,BASICA + HELADAS,TRIGO,BUENOS AIRES,TANDIL,BUENOSAIRES,TANDIL,TRIGO,BASICAHELADAS,60.0,36291.9605077574,36291.9605077574,1710.3878743608473,0.0,0.0,0.0,0.0,1710.3878743608473,0.04712856099342586,0.0,0.0,28.506464572680787,604.8660084626233,0.0,0.0005591414647465199,False,Normal,Sin siniestros,Copia de REA 25-26 v2.xlsx,25-26,A:M
38,2025,FINA,BASICA + HELADAS,TRIGO,BUENOS AIRES,CORONEL SUAREZ,BUENOSAIRES,CORONELSUAREZ,TRIGO,BASICAHELADAS,339.0,120396.05077574048,72237.6304654443,6399.606340394448,0.0,0.0,0.0,0.0,6399.606340394448,0.053154620098917346,0.0,0.0,18.87789480942315,355.15059225882146,0.0,0.0018549128577954506,False,Normal,Sin siniestros,Copia de REA 25-26 v2.xlsx,25-26,A:M
39,2025,FINA,BASICA + HELADAS,TRIGO,BUENOS AIRES,GENERAL ARENALES,BUENOSAIRES,GENERALARENALES,TRIGO,BASICAHELADAS,73.0,44433.215796897035,26659.92947813822,2186.1207085463843,0.0,0.0,0.0,0.0,2186.1207085463843,0.04920014609203799,0.0,0.0,29.946859021183347,608.6741889985896,0.0,0.0006845718174625676,False,Normal,Sin siniestros,Copia de REA 25-26 v2.xlsx,25-26,A:M
40,2025,FINA,BASICA + HELADAS,TRIGO,BUENOS AIRES,GENERAL VILLEGAS,BUENOSAIRES,GENERALVILLEGAS,TRIGO,BASICAHELADAS,853.0,322149.682651622,193289.8095909732,19316.3276844412,950.954565376187,0.0,0.0,950.954565376187,18365.373119065014,0.05996072237429517,0.002951902846989811,0.049230608473377485,22.645167273670808,377.66668540635635,1.1148353638642285,0.00496328230564872,True,Normal,Rentable con siniestro,Copia de REA 25-26 v2.xlsx,25-26,A:M
41,2025,FINA,BASICA + HELADAS,TRIGO,BUENOS AIRES,JUNIN,BUENOSAIRES,JUNIN,TRIGO,BASICAHELADAS,50.0,31371.650211565586,18822.990126939352,1542.6675821767712,0.0,0.0,0.0,0.0,1542.6675821767712,0.04917393799093316,0.0,0.0,30.853351643535426,627.4330042313118,0.0,0.00048333543312053433,False,Normal,Sin siniestros,Copia de REA 25-26 v2.xlsx,25-26,A:M
42,2025,FINA,BASICA + HELADAS,TRIGO,BUENOS AIRES,PEHUAJO,BUENOSAIRES,PEHUAJO,TRIGO,BASICAHELADAS,163.0,101696.82651622003,61018.095909732016,4476.814645726808,0.0,0.0,0.0,0.0,4476.814645726808,0.04402118334550767,0.0,0.0,27.465120525931336,623.9069111424542,0.0,0.001566818428731552,False,Normal,Sin siniestros,Copia de REA 25-26 v2.xlsx,25-26,A:M
43,2025,FINA,BASICA + HELADAS,TRIGO,BUENOS AIRES,PUAN,BUENOSAIRES,PUAN,TRIGO,BASICAHELADAS,1184.0,382514.47461212974,229508.68476727782,18561.323031409785,35091.00290723156,3226.275420014609,0.0,38317.27832724617,-19755.955295836382,0.048524498452590575,0.1001721003266607,2.0643613745854763,15.676793100852858,323.0696576115961,32.36256615476872,0.00589330806682805,True,Crítico,Resultado negativo,Copia de REA 25-26 v2.xlsx,25-26,A:M
44,2025,FINA,BASICA + HELADAS,TRIGO,BUENOS AIRES,TORNQUIST,BUENOSAIRES,TORNQUIST,TRIGO,BASICAHELADAS,484.0,158735.89562764458,95241.53737658674,7863.104046749452,32608.532943754566,1621.3850255661066,0.0,34229.917969320675,-26366.813922571222,0.04953576515040028,0.21564068942298756,4.353232230657188,16.246082741217876,327.9667265033979,70.72297101099313,0.002445605581713348,True,Crítico,Resultado negativo,Copia de REA 25-26 v2.xlsx,25-26,A:M
45,2025,FINA,BASICA + HELADAS,FINA OTROS,BUENOS AIRES,ADOLFO ALSINA,BUENOSAIRES,ADOLFOALSINA,FINAOTROS,BASICAHELADAS,55.0,22876.586741889987,13725.952045133992,1156.335427319211,0.0,0.0,0.0,0.0,1156.335427319211,0.05054667640613586,0.0,0.0,21.024280496712926,415.9379407616361,0.0,0.00035245404327294624,False,Normal,Sin siniestros,Copia de REA 25-26 v2.xlsx,25-26,A:M
46,2025,FINA,BASICA + HELADAS,FINA OTROS,BUENOS AIRES,CORONEL SUAREZ,BUENOSAIRES,CORONELSUAREZ,FINAOTROS,BASICAHELADAS,70.0,20977.785613540196,12586.671368124118,1042.9744338933529,0.0,0.0,0.0,0.0,1042.9744338933529,0.04971804236669102,0.0,0.0,14.89963476990504,299.6826516220028,0.0,0.00032319967317792457,False,Normal,Sin siniestros,Copia de REA 25-26 v2.xlsx,25-26,A:M
47,2025,FINA,BASICA + HELADAS,FINA OTROS,BUENOS AIRES,GENERAL VILLEGAS,BUENOSAIRES,GENERALVILLEGAS,FINAOTROS,BASICAHELADAS,20.0,6849.435825105783,4109.661495063469,420.7094594594595,0.0,0.0,0.0,0.0,420.7094594594595,0.061422498173849524,0.0,0.0,21.035472972972975,342.47179125528913,0.0,0.00010552760243190266,False,Normal,Sin siniestros,Copia de REA 25-26 v2.xlsx,25-26,A:M
48,2025,FINA,BASICA + HELADAS,FINA OTROS,BUENOS AIRES,PUAN,BUENOSAIRES,PUAN,FINAOTROS,BASICAHELADAS,122.0,48946.96755994358,29368.18053596615,2379.9541344046747,0.0,0.0,0.0,0.0,2379.9541344046747,0.048623117080542955,0.0,0.0,19.50782077380881,401.2046521306851,0.0,0.0007541141000227111,False,Normal,Sin siniestros,Copia de REA 25-26 v2.xlsx,25-26,A:M
49,2025,FINA,BASICA + HELADAS,FINA OTROS,BUENOS AIRES,SAAVEDRA,BUENOSAIRES,SAAVEDRA,FINAOTROS,BASICAHELADAS,37.0,10469.851904090268,6281.911142454161,520.5405405405405,0.0,0.0,0.0,0.0,520.5405405405405,0.049718042366691015,0.0,0.0,14.068663257852446,282.96897038081806,0.0,0.0001613064780030512,False,Normal,Sin siniestros,Copia de REA 25-26 v2.xlsx,25-26,A:M
50,2025,FINA,BASICA + HELADAS,FINA OTROS,BUENOS AIRES,TORNQUIST,BUENOSAIRES,TORNQUIST,FINAOTROS,BASICAHELADAS,198.0,56027.85613540198,33616.713681241185,2785.5953250547846,6710.4,654.1627830533236,0.0,7364.562783053323,-4578.9674579985385,0.049718042366691015,0.13144466504760516,2.643802104639332,14.068663257852448,282.96897038081806,37.194761530572336,0.0008632076390433552,True,Crítico,Resultado negativo,Copia de REA 25-26 v2.xlsx,25-26,A:M
51,2025,FINA,BASICA + VIENTOS,FINA OTROS,BUENOS AIRES,ADOLFO ALSINA,BUENOSAIRES,ADOLFOALSINA,FINAOTROS,BASICAVIENTOS,132.0,60016.643159379404,0.0,2150.901796932067,0.0,0.0,0.0,0.0,2150.901796932067,0.035838422205989776,0.0,0.0,16.29471058281869,454.6715390862076,0.0,0.0009246619167386019,False,Normal,Sin siniestros,Copia de REA 25-26 v2.xlsx,25-26,A:M
52,2025,FINA,BASICA + VIENTOS,FINA OTROS,BUENOS AIRES,CORONEL SUAREZ,BUENOSAIRES,CORONELSUAREZ,FINAOTROS,BASICAVIENTOS,644.0,181664.31593794076,0.0,8488.711658144632,0.0,0.0,0.0,0.0,8488.711658144632,0.04672745780764397,0.0,0.0,13.181229282833279,282.08744710860367,0.0,0.002798858212247941,False,Normal,Sin siniestros,Copia de REA 25-26 v2.xlsx,25-26,A:M
53,2025,FINA,BASICA + VIENTOS,FINA OTROS,BUENOS AIRES,PUAN,BUENOSAIRES,PUAN,FINAOTROS,BASICAVIENTOS,225.0,63288.08180535966,0.0,3113.7828707085464,0.0,0.0,0.0,0.0,3113.7828707085464,0.04920014609203799,0.0,0.0,13.839034980926872,281.2803635793763,0.0,0.000975064181337969,False,Normal,Sin siniestros,Copia de REA 25-26 v2.xlsx,25-26,A:M
54,2025,FINA,BASICA,TRIGO,CORDOBA,GENERAL ROCA,CORDOBA,GENERALROCA,TRIGO,BASICA,1250.0,749742.736248237,0.0,36969.337472607745,0.0,0.0,0.0,0.0,36969.337472607745,0.04930936397944286,0.0,0.0,29.575469978086197,599.7941889985896,0.0,0.011551105144603483,False,Normal,Sin siniestros,Copia de REA 25-26 v2.xlsx,25-26,A:M
55,2025,FINA,BASICA,TRIGO,CORDOBA,GENERAL SAN MARTIN,CORDOBA,GENERALSANMARTIN,TRIGO,BASICA,170.0,59128.34978843442,0.0,3331.711906501095,0.0,0.0,0.0,0.0,3331.711906501095,0.05634711468224981,0.0,0.0,19.598305332359384,347.8138222849083,0.0,0.0009109761954492095,False,Normal,Sin siniestros,Copia de REA 25-26 v2.xlsx,25-26,A:M
56,2025,FINA,BASICA,TRIGO,CORDOBA,PRESIDENTE ROQUE SAENZ PEÑA,CORDOBA,PRESIDENTEROQUESAENZPENA,TRIGO,BASICA,2014.33,1129359.0176304653,0.0,42232.0,0.0,0.0,0.0,0.0,42232.0,0.03739466311484186,0.0,0.0,20.96578018497466,560.6623629844491,0.0,0.017399761448754256,False,Normal,Sin siniestros,Copia de REA 25-26 v2.xlsx,25-26,A:M
57,2025,FINA,BASICA,TRIGO,CORDOBA,RIO CUARTO,CORDOBA,RIOCUARTO,TRIGO,BASICA,1047.0,207036.17771509168,0.0,15219.462096420744,759.9747260774288,800.9284149013879,0.0,1560.9031409788167,13658.558955441928,0.07351112382573385,0.007539277232633321,0.1025596785937595,14.536257971748562,197.7422900812719,1.490833945538507,0.0031897563549478937,True,Normal,Rentable con siniestro,Copia de REA 25-26 v2.xlsx,25-26,A:M
58,2025,FINA,BASICA,TRIGO,CORDOBA,RIO PRIMERO,CORDOBA,RIOPRIMERO,TRIGO,BASICA,1023.0,381107.6868829337,0.0,16550.794747991236,0.0,0.0,0.0,0.0,16550.794747991236,0.043428131516736385,0.0,0.0,16.178684993148813,372.5392833655266,0.0,0.0058716340282673075,False,Normal,Sin siniestros,Copia de REA 25-26 v2.xlsx,25-26,A:M
59,2025,FINA,BASICA,TRIGO,CORDOBA,RIO TERCERO,CORDOBA,RIOTERCERO,TRIGO,BASICA,80.0,30284.90832157969,0.0,2233.464426588751,744.5609934258583,675.536523009496,0.0,1420.0975164353545,813.3669101533965,0.07374842951059167,0.04689126020643938,0.6358272375102565,27.918305332359388,378.5613540197461,17.75121895544193,0.0004665922634579797,True,Normal,Rentable con siniestro,Copia de REA 25-26 v2.xlsx,25-26,A:M
60,2025,FINA,BASICA,TRIGO,CORDOBA,SAN JUSTO,CORDOBA,SANJUSTO,TRIGO,BASICA,1573.0,283937.8138222849,0.0,8366.412629656683,713.6809349890431,1871.8688093498904,0.0,2585.5497443389336,5780.862885317749,0.029465651358762567,0.009106042303887056,0.3090392332759031,5.318762002324656,180.50719251257783,1.6437061311754186,0.00437456127738213,True,Normal,Rentable con siniestro,Copia de REA 25-26 v2.xlsx,25-26,A:M
61,2025,FINA,BASICA,TRIGO,CORDOBA,TERCERO ARRIBA,CORDOBA,TERCEROARRIBA,TRIGO,BASICA,873.0,264090.21156558534,0.0,14142.196179693206,879.0416362308255,800.9284149013879,0.0,1679.9700511322135,12462.226128560993,0.05355062611315706,0.006361349181300505,0.11879131287575292,16.199537433783743,302.50883340845974,1.924364319739076,0.00406877406604795,True,Normal,Rentable con siniestro,Copia de REA 25-26 v2.xlsx,25-26,A:M
62,2025,FINA,BASICA,FINA OTROS,CORDOBA,GENERAL ROCA,CORDOBA,GENERALROCA,FINAOTROS,BASICA,60.0,30740.479548660085,0.0,1528.3564645726808,0.0,0.0,0.0,0.0,1528.3564645726808,0.049718042366691015,0.0,0.0,25.472607742878015,512.3413258110014,0.0,0.0004736111392542226,False,Normal,Sin siniestros,Copia de REA 25-26 v2.xlsx,25-26,A:M
63,2025,FINA,BASICA,FINA OTROS,CORDOBA,PRESIDENTE ROQUE SAENZ PEÑA,CORDOBA,PRESIDENTEROQUESAENZPENA,FINAOTROS,BASICA,793.0,91235.01410437236,0.0,4296.262702702703,0.0,0.0,0.0,0.0,4296.262702702703,0.04709006454241134,0.0,0.0,5.417733546913875,115.05045914801053,0.0,0.001405635813242552,False,Normal,Sin siniestros,Copia de REA 25-26 v2.xlsx,25-26,A:M
64,2025,FINA,BASICA,FINA OTROS,CORDOBA,RIO PRIMERO,CORDOBA,RIOPRIMERO,FINAOTROS,BASICA,162.0,62218.05359661495,0.0,2738.9123447772095,0.0,0.0,0.0,0.0,2738.9123447772095,0.04402118334550767,0.0,0.0,16.906866325785245,384.0620592383639,0.0,0.0009585785153230474,False,Normal,Sin siniestros,Copia de REA 25-26 v2.xlsx,25-26,A:M
65,2025,FINA,BASICA,TRIGO,LA PAMPA,CHAPALEUFU,LAPAMPA,CHAPALEUFU,TRIGO,BASICA,137.0,52018.61777150917,0.0,1549.9780861943025,0.0,0.0,0.0,0.0,1549.9780861943025,0.029796602689493846,0.0,0.0,11.313708658352573,379.6979399380231,0.0,0.0008014382724965742,False,Normal,Sin siniestros,Copia de REA 25-26 v2.xlsx,25-26,A:M
66,2025,FINA,BASICA,TRIGO,LA PAMPA,CONHELLO,LAPAMPA,CONHELLO,TRIGO,BASICA,1026.0,257349.92947813822,0.0,12469.395091307522,821.7677136596055,647.5834550766983,0.0,1469.3511687363039,11000.043922571218,0.048453073667412035,0.005709545643614115,0.11783660377884697,12.153406521742225,250.8283913042283,1.4321161488657932,0.003964928168872614,True,Normal,Rentable con siniestro,Copia de REA 25-26 v2.xlsx,25-26,A:M
67,2025,FINA,BASICA,TRIGO,LA PAMPA,MARACO,LAPAMPA,MARACO,TRIGO,BASICA,443.0,175977.71509167843,0.0,5920.901592403215,0.0,0.0,0.0,0.0,5920.901592403215,0.03364574650442884,0.0,0.0,13.365466348539988,397.2408918548046,0.0,0.002711246127308956,False,Normal,Sin siniestros,Copia de REA 25-26 v2.xlsx,25-26,A:M
68,2025,FINA,BASICA,TRIGO,LA PAMPA,QUEMU QUEMU,LAPAMPA,QUEMUQUEMU,TRIGO,BASICA,985.0,319551.269393512,0.0,11014.728867786705,3496.161431701972,1308.325566106647,0.0,4804.486997808619,6210.2418699780865,0.03446936351932496,0.015035105342961805,0.4361874954416404,11.18246585562102,324.4175323792,4.877651774424994,0.004923249180548029,True,Normal,Rentable con siniestro,Copia de REA 25-26 v2.xlsx,25-26,A:M
69,2025,FINA,BASICA,TRIGO,LA PAMPA,TRENEL,LAPAMPA,TRENEL,TRIGO,BASICA,295.0,65297.07334273625,0.0,2773.235938641344,0.0,0.0,0.0,0.0,2773.235938641344,0.04247106028910319,0.0,0.0,9.400799792004555,221.3460113313093,0.0,0.001006016228434791,False,Normal,Sin siniestros,Copia de REA 25-26 v2.xlsx,25-26,A:M
70,2025,FINA,BASICA,FINA OTROS,LA PAMPA,CONHELLO,LAPAMPA,CONHELLO,FINAOTROS,BASICA,320.0,115204.51339915374,0.0,5243.121453615778,0.0,0.0,0.0,0.0,5243.121453615778,0.045511423979108546,0.0,0.0,16.384754542549306,360.01410437235546,0.0,0.001774928096090154,False,Normal,Sin siniestros,Copia de REA 25-26 v2.xlsx,25-26,A:M
71,2025,FINA,BASICA,FINA OTROS,LA PAMPA,GUATRACHE,LAPAMPA,GUATRACHE,FINAOTROS,BASICA,968.0,314473.1311706629,0.0,8151.519327976626,9760.682980277576,896.4001095690285,0.0,10657.083089846605,-2505.5637618699784,0.025921194913001457,0.03388869201694393,1.307373835607639,8.420991041298167,324.8689371597757,11.00938335727955,0.004845011532198825,True,Crítico,Resultado negativo,Copia de REA 25-26 v2.xlsx,25-26,A:M
72,2025,FINA,BASICA,FINA OTROS,LA PAMPA,TRENEL,LAPAMPA,TRENEL,FINAOTROS,BASICA,20.0,4231.311706629055,0.0,189.59824689554418,0.0,0.0,0.0,0.0,189.59824689554418,0.044808385682980276,0.0,0.0,9.479912344777208,211.56558533145275,0.0,6.519079686912906e-05,False,Normal,Sin siniestros,Copia de REA 25-26 v2.xlsx,25-26,A:M
73,2025,FINA,BASICA + HELADAS,TRIGO,LA PAMPA,GUATRACHE,LAPAMPA,GUATRACHE,TRIGO,BASICAHELADAS,620.0,185803.24400564175,111481.94640338505,9141.546749452154,40001.68817384952,889.6287436084733,0.0,40891.316917457996,-31749.77016800584,0.04920014609203798,0.22007859516282915,4.473128895819363,14.744430241051862,299.6826516220028,65.95373696364193,0.0028626256767187606,True,Crítico,Resultado negativo,Copia de REA 25-26 v2.xlsx,25-26,A:M
74,2025,FINA,BASICA,TRIGO,SANTA FE,BELGRANO,SANTAFE,BELGRANO,TRIGO,BASICA,270.0,62084.76727785613,0.0,1588.3814024835644,0.0,0.0,0.0,0.0,1588.3814024835644,0.02558407596785975,0.0,0.0,5.882894083272461,229.94358251057827,0.0,0.0009565250052216698,False,Normal,Sin siniestros,Copia de REA 25-26 v2.xlsx,25-26,A:M
75,2025,FINA,BASICA,TRIGO,SANTA FE,GENERAL LOPEZ,SANTAFE,GENERALLOPEZ,TRIGO,BASICA,699.0,250839.95063469675,0.0,7654.2093498904305,0.0,0.0,0.0,0.0,7654.2093498904305,0.030514315325461887,0.0,0.0,10.950227968369715,358.855437245632,0.0,0.0038646304981195378,False,Normal,Sin siniestros,Copia de REA 25-26 v2.xlsx,25-26,A:M
76,2025,FINA,BASICA,TRIGO,SANTA FE,IRIONDO,SANTAFE,IRIONDO,TRIGO,BASICA,414.0,224948.58956276445,0.0,6021.435208181155,0.0,0.0,0.0,0.0,6021.435208181155,0.02676805051271981,0.0,0.0,14.544529488360277,543.3540810694793,0.0,0.0034657285553339775,False,Normal,Sin siniestros,Copia de REA 25-26 v2.xlsx,25-26,A:M
77,2025,FINA,BASICA,TRIGO,SANTA FE,ROSARIO,SANTAFE,ROSARIO,TRIGO,BASICA,620.0,252391.25528913963,0.0,7853.05472607743,0.0,0.0,0.0,0.0,7853.05472607743,0.03111460702979176,0.0,0.0,12.666217300124888,407.08266982119295,0.0,0.003888531074021682,False,Normal,Sin siniestros,Copia de REA 25-26 v2.xlsx,25-26,A:M
78,2025,FINA,BASICA,TRIGO,SANTA FE,SAN MARTIN,SANTAFE,SANMARTIN,TRIGO,BASICA,2015.0,612100.1551480959,0.0,15705.114872169464,0.0,0.0,0.0,0.0,15705.114872169464,0.02565775345763416,0.0,0.0,7.794101673533233,303.7717891553826,0.0,0.009430479162125242,False,Normal,Sin siniestros,Copia de REA 25-26 v2.xlsx,25-26,A:M
79,2025,FINA,BASICA,FINA OTROS,SANTA FE,ROSARIO,SANTAFE,ROSARIO,FINAOTROS,BASICA,544.5,250752.76798307477,0.0,8246.310934989044,605.2858290723156,1008.4222790357926,0.0,1613.7081081081083,6632.602826880935,0.032886220963054935,0.006435454815067206,0.19568848674637712,15.144740009162614,460.51931677332374,2.9636512545603457,0.003863287296075714,True,Normal,Rentable con siniestro,Copia de REA 25-26 v2.xlsx,25-26,A:M
80,2025,FINA,BASICA,FINA OTROS,SANTA FE,SAN LORENZO,SANTAFE,SANLORENZO,FINAOTROS,BASICA,46.0,17673.342736248236,0.0,512.5656683710738,0.0,0.0,0.0,0.0,512.5656683710738,0.02900219138056976,0.0,0.0,11.1427319211103,384.2031029619182,0.0,0.00027228892036297825,False,Normal,Sin siniestros,Copia de REA 25-26 v2.xlsx,25-26,A:M
81,2025,FINA,BASICA + HELADAS,TRIGO,SANTA FE,CASEROS,SANTAFE,CASEROS,TRIGO,BASICAHELADAS,236.0,130777.99717912552,78466.79830747531,6111.395544192841,0.0,0.0,0.0,0.0,6111.395544192841,0.046731068497876706,0.0,0.0,25.895743831325596,554.1440558437522,0.0,0.0020148649969935453,False,Normal,Sin siniestros,Copia de REA 25-26 v2.xlsx,25-26,A:M
82,2025,FINA,BASICA + HELADAS,TRIGO,SANTA FE,IRIONDO,SANTAFE,IRIONDO,TRIGO,BASICAHELADAS,36.0,12521.2976022567,7512.77856135402,552.9421402483565,0.0,0.0,0.0,0.0,552.9421402483565,0.044160130827710725,0.0,0.0,15.35950389578768,347.8138222849083,0.0,0.00019291260609512672,False,Normal,Sin siniestros,Copia de REA 25-26 v2.xlsx,25-26,A:M
83,2025,GRUESA,BASICA,GIRASOL,BUENOS AIRES,25 DE MAYO,BUENOSAIRES,25DEMAYO,GIRASOL,BASICA,87.0,82970.57475317348,0.0,3652.4628853177505,0.0,0.0,0.0,0.0,3652.4628853177505,0.04402118336751729,0.0,0.0,41.98233201514656,953.684767277856,0.0,0.0012783075934526518,False,Normal,Sin siniestros,Copia de REA 25-26 v2.xlsx,25-26,A:M
84,2025,GRUESA,BASICA,GIRASOL,BUENOS AIRES,ADOLFO ALSINA,BUENOSAIRES,ADOLFOALSINA,GIRASOL,BASICA,823.0,266376.58674189,0.0,9039.619218407597,0.0,0.0,0.0,0.0,9039.619218407597,0.033935487082303845,0.0,0.0,10.983741456145319,323.6653544858931,0.0,0.004103999695833528,False,Normal,Sin siniestros,Copia de REA 25-26 v2.xlsx,25-26,A:M
85,2025,GRUESA,BASICA,GIRASOL,BUENOS AIRES,BALCARCE,BUENOSAIRES,BALCARCE,GIRASOL,BASICA,102.7,82449.70380818054,0.0,1858.1531921110302,0.0,0.0,0.0,0.0,1858.1531921110302,0.022536808578888637,0.0,0.0,18.093020371090848,802.820874471086,0.0,0.001270282660683726,False,Normal,Sin siniestros,Copia de REA 25-26 v2.xlsx,25-26,A:M
86,2025,GRUESA,BASICA,GIRASOL,BUENOS AIRES,CORONEL SUAREZ,BUENOSAIRES,CORONELSUAREZ,GIRASOL,BASICA,430.0,121297.60225669958,0.0,3986.03780861943,0.0,0.0,0.0,0.0,3986.03780861943,0.03286163728268809,0.0,0.0,9.269855368882395,282.08744710860367,0.0,0.0018688028435816996,False,Normal,Sin siniestros,Copia de REA 25-26 v2.xlsx,25-26,A:M
87,2025,GRUESA,BASICA,GIRASOL,BUENOS AIRES,GENERAL VILLEGAS,BUENOSAIRES,GENERALVILLEGAS,GIRASOL,BASICA,40.0,29619.181946403383,0.0,1227.173119065011,0.0,0.0,0.0,0.0,1227.173119065011,0.04143170197224252,0.0,0.0,30.679327976625274,740.4795486600846,0.0,0.0004563355780839034,False,Normal,Sin siniestros,Copia de REA 25-26 v2.xlsx,25-26,A:M
88,2025,GRUESA,BASICA,GIRASOL,BUENOS AIRES,OLAVARRIA,BUENOSAIRES,OLAVARRIA,GIRASOL,BASICA,400.0,279456.9816643159,0.0,7757.513513513513,0.0,0.0,0.0,0.0,7757.513513513513,0.027759240321402485,0.0,0.0,19.393783783783782,698.6424541607898,0.0,0.0043055261792216285,False,Normal,Sin siniestros,Copia de REA 25-26 v2.xlsx,25-26,A:M
89,2025,GRUESA,BASICA,GIRASOL,BUENOS AIRES,TRES LOMAS,BUENOSAIRES,TRESLOMAS,GIRASOL,BASICA,47.0,37997.74330042313,0.0,1188.6049379108838,0.0,0.0,0.0,0.0,1188.6049379108838,0.0312809349890431,0.0,0.0,25.289466764061356,808.462623413258,0.0,0.0005854220479910281,False,Normal,Sin siniestros,Copia de REA 25-26 v2.xlsx,25-26,A:M
90,2025,GRUESA,BASICA + VIENTOS,GIRASOL,BUENOS AIRES,25 DE MAYO,BUENOSAIRES,25DEMAYO,GIRASOL,BASICAVIENTOS,66.0,62943.19464033851,0.0,2770.833915266618,0.0,0.0,0.0,0.0,2770.833915266618,0.04402118340353302,0.0,0.0,41.98233204949421,953.6847672778562,0.0,0.0009697505881364945,False,Normal,Sin siniestros,Copia de REA 25-26 v2.xlsx,25-26,A:M
91,2025,GRUESA,BASICA + VIENTOS,GIRASOL,BUENOS AIRES,BALCARCE,BUENOSAIRES,BALCARCE,GIRASOL,BASICAVIENTOS,757.0,290046.50916784204,0.0,11896.949320672024,0.0,0.0,0.0,0.0,11896.949320672024,0.04101738495252009,0.0,0.0,15.715917200359344,383.15258806848357,0.0,0.004468676470262795,False,Normal,Sin siniestros,Copia de REA 25-26 v2.xlsx,25-26,A:M
92,2025,GRUESA,BASICA + VIENTOS,GIRASOL,BUENOS AIRES,BENITO JUAREZ,BUENOSAIRES,BENITOJUAREZ,GIRASOL,BASICAVIENTOS,90.0,55256.69957686883,0.0,2266.4853177501827,0.0,0.0,0.0,0.0,2266.4853177501827,0.04101738495252009,0.0,0.0,25.183170197224253,613.9633286318759,0.0,0.0008513266163139564,False,Normal,Sin siniestros,Copia de REA 25-26 v2.xlsx,25-26,A:M
93,2025,GRUESA,BASICA + VIENTOS,GIRASOL,BUENOS AIRES,BOLIVAR,BUENOSAIRES,BOLIVAR,GIRASOL,BASICAVIENTOS,210.0,92603.18758815233,0.0,4172.419590942293,0.0,0.0,0.0,0.0,4172.419590942293,0.04505697589481373,0.0,0.0,19.868664718772827,440.9675599435825,0.0,0.0014267149314562007,False,Normal,Sin siniestros,Copia de REA 25-26 v2.xlsx,25-26,A:M
94,2025,GRUESA,BASICA + VIENTOS,GIRASOL,BUENOS AIRES,TANDIL,BUENOSAIRES,TANDIL,GIRASOL,BASICAVIENTOS,212.5,130467.20733427363,0.0,5351.423666910154,0.0,0.0,0.0,0.0,5351.423666910154,0.04101738495252009,0.0,0.0,25.183170197224253,613.9633286318759,0.0,0.002010076732963508,False,Normal,Sin siniestros,Copia de REA 25-26 v2.xlsx,25-26,A:M
95,2025,GRUESA,BASICA + VIENTOS,GIRASOL,BUENOS AIRES,CHASCOMUS,BUENOSAIRES,CHASCOMUS,GIRASOL,BASICAVIENTOS,41.5,25479.47813822285,0.0,1045.1015631848065,0.0,0.0,0.0,0.0,1045.1015631848065,0.04101738495252009,0.0,0.0,25.183170197224253,613.9633286318759,0.0,0.000392556161966991,False,Normal,Sin siniestros,Copia de REA 25-26 v2.xlsx,25-26,A:M
96,2025,GRUESA,BASICA + VIENTOS,GIRASOL,BUENOS AIRES,GENERAL PINTO,BUENOSAIRES,GENERALPINTO,GIRASOL,BASICAVIENTOS,28.0,21362.53878702398,0.0,876.2354784514245,0.0,0.0,0.0,0.0,876.2354784514245,0.041017385020907106,0.0,0.0,31.294124230408016,762.947813822285,0.0,0.0003291274723372345,False,Normal,Sin siniestros,Copia de REA 25-26 v2.xlsx,25-26,A:M
97,2025,GRUESA,BASICA + VIENTOS,GIRASOL,BUENOS AIRES,GENERAL VILLEGAS,BUENOSAIRES,GENERALVILLEGAS,GIRASOL,BASICAVIENTOS,132.0,28071.79125528914,0.0,1143.0496712929146,0.0,0.0,0.0,0.0,1143.0496712929146,0.040718800624365115,0.0,0.0,8.659467206764504,212.66508526734196,0.0,0.0004324953036688629,False,Normal,Sin siniestros,Copia de REA 25-26 v2.xlsx,25-26,A:M
98,2025,GRUESA,BASICA + VIENTOS,GIRASOL,BUENOS AIRES,GUAMINI,BUENOSAIRES,GUAMINI,GIRASOL,BASICAVIENTOS,70.0,43007.052186177716,0.0,2093.680058436815,0.0,0.0,0.0,0.0,2093.680058436815,0.048682249817384955,0.0,0.0,29.90971512052593,614.3864598025388,0.0,0.0006625992593778277,False,Normal,Sin siniestros,Copia de REA 25-26 v2.xlsx,25-26,A:M
99,2025,GRUESA,BASICA + VIENTOS,GIRASOL,BUENOS AIRES,LINCOLN,BUENOSAIRES,LINCOLN,GIRASOL,BASICAVIENTOS,30.0,22888.434414668547,0.0,938.8237253469687,0.0,0.0,0.0,0.0,938.8237253469687,0.041017384952520095,0.0,0.0,31.294124178232288,762.947813822285,0.0,0.0003526365775041798,False,Normal,Sin siniestros,Copia de REA 25-26 v2.xlsx,25-26,A:M
100,2025,GRUESA,BASICA + VIENTOS,GIRASOL,BUENOS AIRES,MAIPU,BUENOSAIRES,MAIPU,GIRASOL,BASICAVIENTOS,170.4,139107.92665726374,0.0,5705.841263696128,0.0,0.0,0.0,0.0,5705.841263696128,0.04101736975603316,0.0,0.0,33.48498394187869,816.361071932299,0.0,0.0021432022073419876,False,Normal,Sin siniestros,Copia de REA 25-26 v2.xlsx,25-26,A:M
101,2025,GRUESA,BASICA + VIENTOS,GIRASOL,BUENOS AIRES,PILA,BUENOSAIRES,PILA,GIRASOL,BASICAVIENTOS,91.5,56177.64456981664,0.0,2304.260073046019,0.0,0.0,0.0,0.0,2304.260073046019,0.04101738495252009,0.0,0.0,25.18317019722425,613.9633286318759,0.0,0.0008655153932525223,False,Normal,Sin siniestros,Copia de REA 25-26 v2.xlsx,25-26,A:M
102,2025,GRUESA,BASICA,GIRASOL,CORDOBA,GENERAL ROCA,CORDOBA,GENERALROCA,GIRASOL,BASICA,1030.0,446447.1086036671,0.0,16562.851621621623,0.0,0.0,0.0,0.0,16562.851621621623,0.037099247150294064,0.0,0.0,16.080438467593808,433.44379476084185,0.0,0.0068783027079274296,False,Normal,Sin siniestros,Copia de REA 25-26 v2.xlsx,25-26,A:M
103,2025,GRUESA,BASICA,GIRASOL,CORDOBA,JUAREZ CELMAN,CORDOBA,JUAREZCELMAN,GIRASOL,BASICA,175.0,91717.00987306066,0.0,3884.323162892622,0.0,0.0,0.0,0.0,3884.323162892622,0.04235117529745739,0.0,0.0,22.19613235938641,524.0971992746323,0.0,0.0014130618055652427,False,Normal,Sin siniestros,Copia de REA 25-26 v2.xlsx,25-26,A:M
104,2025,GRUESA,BASICA,GIRASOL,CORDOBA,PRESIDENTE ROQUE SAENZ PEÑA,CORDOBA,PRESIDENTEROQUESAENZPENA,GIRASOL,BASICA,539.0,193519.18194640338,0.0,9648.789189189189,0.0,0.0,0.0,0.0,9648.789189189189,0.04985960095605145,0.0,0.0,17.901278644135786,359.0337327391528,0.0,0.0029815032678361794,False,Normal,Sin siniestros,Copia de REA 25-26 v2.xlsx,25-26,A:M
105,2025,GRUESA,BASICA,GIRASOL,CORDOBA,RIO CUARTO,CORDOBA,RIOCUARTO,GIRASOL,BASICA,50.0,28610.543018335684,0.0,1861.052081811541,0.0,0.0,0.0,0.0,1861.052081811541,0.06504777209642074,0.0,0.0,37.22104163623082,572.2108603667136,0.0,0.00044079572188022477,False,Normal,Sin siniestros,Copia de REA 25-26 v2.xlsx,25-26,A:M
106,2025,GRUESA,BASICA,GIRASOL,CORDOBA,SAN JUSTO,CORDOBA,SANJUSTO,GIRASOL,BASICA,2366.0,1323256.688293371,0.0,31131.0,0.0,0.0,0.0,0.0,31131.0,0.02352604772408159,0.0,0.0,13.157650042265427,559.2800880360824,0.0,0.02038709600077498,False,Normal,Sin siniestros,Copia de REA 25-26 v2.xlsx,25-26,A:M
107,2025,GRUESA,BASICA + VIENTOS,GIRASOL,CORDOBA,PRESIDENTE ROQUE SAENZ PEÑA,CORDOBA,PRESIDENTEROQUESAENZPENA,GIRASOL,BASICAVIENTOS,290.0,121808.18053596615,0.0,7254.660336011687,0.0,0.0,0.0,0.0,7254.660336011687,0.059558071585098606,0.0,0.0,25.01607012417823,420.02820874471087,0.0,0.0018766691997372411,False,Normal,Sin siniestros,Copia de REA 25-26 v2.xlsx,25-26,A:M
108,2025,GRUESA,BASICA,GIRASOL,LA PAMPA,CAPITAL,LAPAMPA,CAPITAL,GIRASOL,BASICA,520.0,181323.69534555712,0.0,6154.891526661797,0.0,0.0,0.0,0.0,6154.891526661797,0.033944220665325237,0.0,0.0,11.836329858964994,348.69941412607136,0.0,0.002793610353099976,False,Normal,Sin siniestros,Copia de REA 25-26 v2.xlsx,25-26,A:M
109,2025,GRUESA,BASICA,GIRASOL,LA PAMPA,CATRILO,LAPAMPA,CATRILO,GIRASOL,BASICA,649.0,180568.7940761636,0.0,5639.268349159971,0.0,0.0,0.0,0.0,5639.268349159971,0.031230580998294406,0.0,0.0,8.689165407026149,278.22618501720126,0.0,0.002781979771681883,False,Normal,Sin siniestros,Copia de REA 25-26 v2.xlsx,25-26,A:M
110,2025,GRUESA,BASICA,GIRASOL,LA PAMPA,CHAPALEUFU,LAPAMPA,CHAPALEUFU,GIRASOL,BASICA,471.0,260536.6713681241,0.0,8382.914243973704,0.0,0.0,0.0,0.0,8382.914243973704,0.032175563616260006,0.0,0.0,17.798119413956908,553.1564147943187,0.0,0.004014025531021318,False,Normal,Sin siniestros,Copia de REA 25-26 v2.xlsx,25-26,A:M
111,2025,GRUESA,BASICA,GIRASOL,LA PAMPA,CONHELLO,LAPAMPA,CONHELLO,GIRASOL,BASICA,5285.0,1932027.4858956276,0.0,60072.0,3106.1311176040904,368.8198392987582,0.0,3474.9509569028487,56597.049043097155,0.031092725356416186,0.0017986032715740427,0.05784643356144042,11.36650898770104,365.568114644395,0.6575120069825636,0.02976628055580818,True,Normal,Rentable con siniestro,Copia de REA 25-26 v2.xlsx,25-26,A:M
112,2025,GRUESA,BASICA,GIRASOL,LA PAMPA,MARACO,LAPAMPA,MARACO,GIRASOL,BASICA,1019.0,474510.01410437236,0.0,14927.948400292184,0.0,0.0,0.0,0.0,14927.948400292184,0.031459712032565576,0.0,0.0,14.64960588841235,465.6624279728875,0.0,0.007310661110922868,False,Normal,Sin siniestros,Copia de REA 25-26 v2.xlsx,25-26,A:M
113,2025,GRUESA,BASICA,GIRASOL,LA PAMPA,QUEMU QUEMU,LAPAMPA,QUEMUQUEMU,GIRASOL,BASICA,1993.0,840480.8716502115,0.0,27094.505303140977,2764.879474068663,3091.100737764792,0.0,5855.9802118334555,21238.52509130752,0.03223690891375464,0.006967416403345081,0.21613165275819193,13.594834572574499,421.716443376925,2.9382740651447343,0.012949085667760488,True,Normal,Rentable con siniestro,Copia de REA 25-26 v2.xlsx,25-26,A:M
114,2025,GRUESA,BASICA,GIRASOL,LA PAMPA,RANCUL,LAPAMPA,RANCUL,GIRASOL,BASICA,1334.0,169631.08251057827,0.0,5042.6702264426585,0.0,0.0,0.0,0.0,5042.6702264426585,0.0297272772879239,0.0,0.0,3.7801126135252314,127.15973201692525,0.0,0.0026134650929433476,False,Normal,Sin siniestros,Copia de REA 25-26 v2.xlsx,25-26,A:M
115,2025,GRUESA,BASICA,GIRASOL,LA PAMPA,TRENEL,LAPAMPA,TRENEL,GIRASOL,BASICA,884.0,229167.8420310296,0.0,8397.886201607012,0.0,0.0,0.0,0.0,8397.886201607012,0.036645133659154186,0.0,0.0,9.499871268786213,259.2396403065946,0.0,0.0035307335584320297,False,Normal,Sin siniestros,Copia de REA 25-26 v2.xlsx,25-26,A:M
116,2025,GRUESA,BASICA + VIENTOS,GIRASOL,LA PAMPA,CATRILO,LAPAMPA,CATRILO,GIRASOL,BASICAVIENTOS,3560.0,569994.6629055007,0.0,29755.960299488677,0.0,0.0,0.0,0.0,29755.960299488677,0.052203927924184636,0.0,0.0,8.358415814463111,160.1108603667137,0.0,0.008781770018915258,False,Normal,Sin siniestros,Copia de REA 25-26 v2.xlsx,25-26,A:M
117,2025,GRUESA,BASICA + VIENTOS,GIRASOL,LA PAMPA,CHAPALEUFU,LAPAMPA,CHAPALEUFU,GIRASOL,BASICAVIENTOS,1455.0,589186.4492242595,0.0,31988.78124178232,0.0,0.0,0.0,0.0,31988.78124178232,0.05429313807861621,0.0,0.0,21.985416661018775,404.9391403603158,0.0,0.009077453232586762,False,Normal,Sin siniestros,Copia de REA 25-26 v2.xlsx,25-26,A:M
118,2025,GRUESA,BASICA + VIENTOS,GIRASOL,LA PAMPA,MARACO,LAPAMPA,MARACO,GIRASOL,BASICAVIENTOS,220.0,88434.41466854725,0.0,4616.625273922571,0.0,0.0,0.0,0.0,4616.625273922571,0.052203944485025564,0.0,0.0,20.984660336011686,401.97461212976026,0.0,0.0013624876545647972,False,Normal,Sin siniestros,Copia de REA 25-26 v2.xlsx,25-26,A:M
119,2025,GRUESA,BASICA + VIENTOS,GIRASOL,LA PAMPA,QUEMU QUEMU,LAPAMPA,QUEMUQUEMU,GIRASOL,BASICAVIENTOS,592.0,303741.18476727785,0.0,17278.451059167277,0.0,0.0,0.0,0.0,17278.451059167277,0.056885440387037994,0.0,0.0,29.18657273507986,513.0763256204018,0.0,0.004679667027586372,False,Normal,Sin siniestros,Copia de REA 25-26 v2.xlsx,25-26,A:M
120,2025,GRUESA,BASICA,GIRASOL,SANTA FE,SAN MARTIN,SANTAFE,SANMARTIN,GIRASOL,BASICA,777.0,637214.0141043724,0.0,18019.102111029948,0.0,0.0,0.0,0.0,18019.102111029948,0.028277943849613,0.0,0.0,23.19060760750315,820.0952562475835,0.0,0.009817402317716366,False,Normal,Sin siniestros,Copia de REA 25-26 v2.xlsx,25-26,A:M
121,2025,GRUESA,BASICA + VIENTOS,GIRASOL,SANTA FE,9 DE JULIO,SANTAFE,9DEJULIO,GIRASOL,BASICAVIENTOS,1407.7,304326.5162200282,0.0,14090.295471146823,0.0,0.0,0.0,0.0,14090.295471146823,0.04629992695398101,0.0,0.0,10.009444818602558,216.18705421611722,0.0,0.004688685087819935,False,Normal,Sin siniestros,Copia de REA 25-26 v2.xlsx,25-26,A:M
122,2025,GRUESA,BASICA + VIENTOS,GIRASOL,SANTA FE,SAN JUSTO,SANTAFE,SANJUSTO,GIRASOL,BASICAVIENTOS,74.0,47874.97531734838,0.0,2435.9630752373996,0.0,0.0,0.0,0.0,2435.9630752373996,0.05088176148583169,0.0,0.0,32.918419935640536,646.9591259101132,0.0,0.0007375981746129094,False,Normal,Sin siniestros,Copia de REA 25-26 v2.xlsx,25-26,A:M
123,2025,GRUESA,BASICA,MAIZ,BUENOS AIRES,ADOLFO ALSINA,BUENOSAIRES,ADOLFOALSINA,MAIZ,BASICA,409.0,211638.75176304654,0.0,6554.49388604821,0.0,0.0,0.0,0.0,6554.49388604821,0.030970197241508516,0.0,0.0,16.025657423100757,517.4541607898449,0.0,0.0032606671009856483,False,Normal,Sin siniestros,Copia de REA 25-26 v2.xlsx,25-26,A:M
124,2025,GRUESA,BASICA,MAIZ,BUENOS AIRES,BOLIVAR,BUENOSAIRES,BOLIVAR,MAIZ,BASICA,243.0,146933.15937940762,0.0,2937.3180131482836,0.0,0.0,0.0,0.0,2937.3180131482836,0.019990844990704956,0.0,0.0,12.08772844916989,604.6632073226651,0.0,0.0022637636767425364,False,Normal,Sin siniestros,Copia de REA 25-26 v2.xlsx,25-26,A:M
125,2025,GRUESA,BASICA,MAIZ,BUENOS AIRES,BRAGADO,BUENOSAIRES,BRAGADO,MAIZ,BASICA,164.0,148678.4203102962,0.0,3670.672023374726,0.0,0.0,0.0,0.0,3670.672023374726,0.02468866709582955,0.0,0.0,22.38214648399223,906.5757335993671,0.0,0.002290652490121834,False,Normal,Sin siniestros,Copia de REA 25-26 v2.xlsx,25-26,A:M
126,2025,GRUESA,BASICA,MAIZ,BUENOS AIRES,TANDIL,BUENOSAIRES,TANDIL,MAIZ,BASICA,117.0,69952.4682651622,0.0,1738.9498904309714,0.0,0.0,0.0,0.0,1738.9498904309714,0.024859021183345507,0.0,0.0,14.86281957633309,597.8843441466854,0.0,0.0010777407729201285,False,Normal,Sin siniestros,Copia de REA 25-26 v2.xlsx,25-26,A:M
127,2025,GRUESA,BASICA,MAIZ,BUENOS AIRES,COLON,BUENOSAIRES,COLON,MAIZ,BASICA,100.5,111698.1664315938,0.0,1874.2772826880935,0.0,0.0,0.0,0.0,1874.2772826880935,0.016779839298758217,0.0,0.0,18.649525200876553,1111.4245416078984,0.0,0.001720906655751269,False,Normal,Sin siniestros,Copia de REA 25-26 v2.xlsx,25-26,A:M
128,2025,GRUESA,BASICA,MAIZ,BUENOS AIRES,CORONEL SUAREZ,BUENOSAIRES,CORONELSUAREZ,MAIZ,BASICA,419.0,118194.64033850493,0.0,2697.2704163623084,0.0,0.0,0.0,0.0,2697.2704163623084,0.02282058144631118,0.0,0.0,6.437399561723886,282.08744710860367,0.0,0.001820996259211005,False,Normal,Sin siniestros,Copia de REA 25-26 v2.xlsx,25-26,A:M
129,2025,GRUESA,BASICA,MAIZ,BUENOS AIRES,GENERAL VILLEGAS,BUENOSAIRES,GENERALVILLEGAS,MAIZ,BASICA,1921.0,672580.4654442878,0.0,15035.989006574142,0.0,0.0,0.0,0.0,15035.989006574142,0.022355673081646505,0.0,0.0,7.827167624452963,350.11997160035804,0.0,0.010362284686384764,False,Normal,Sin siniestros,Copia de REA 25-26 v2.xlsx,25-26,A:M
130,2025,GRUESA,BASICA,MAIZ,BUENOS AIRES,LEANDRO N. ALEM,BUENOSAIRES,LEANDRONALEM,MAIZ,BASICA,308.0,192348.66008462623,0.0,3183.8163915266623,0.0,0.0,0.0,0.0,3183.8163915266623,0.01655231905502176,0.0,0.0,10.337066206255397,624.5086366383969,0.0,0.002963469320395616,False,Normal,Sin siniestros,Copia de REA 25-26 v2.xlsx,25-26,A:M
131,2025,GRUESA,BASICA,MAIZ,BUENOS AIRES,LINCOLN,BUENOSAIRES,LINCOLN,MAIZ,BASICA,447.0,302410.6629055007,0.0,5283.296362308255,0.0,0.0,0.0,0.0,5283.296362308255,0.017470602099633026,0.0,0.0,11.81945494923547,676.5339214888158,0.0,0.00465916799881353,False,Normal,Sin siniestros,Copia de REA 25-26 v2.xlsx,25-26,A:M
132,2025,GRUESA,BASICA,MAIZ,BUENOS AIRES,RIVADAVIA,BUENOSAIRES,RIVADAVIA,MAIZ,BASICA,195.0,139772.91960507756,0.0,5096.106355003652,0.0,0.0,0.0,0.0,5096.106355003652,0.03645989773557341,0.0,0.0,26.133878743608474,716.7842031029619,0.0,0.00215344759297794,False,Normal,Sin siniestros,Copia de REA 25-26 v2.xlsx,25-26,A:M
133,2025,GRUESA,BASICA,MAIZ,BUENOS AIRES,ROJAS,BUENOSAIRES,ROJAS,MAIZ,BASICA,124.0,103362.48236953455,0.0,2697.9934258582907,0.0,0.0,0.0,0.0,2697.9934258582907,0.026102250681370124,0.0,0.0,21.758011498857183,833.5684062059238,0.0,0.0015924807859190847,False,Normal,Sin siniestros,Copia de REA 25-26 v2.xlsx,25-26,A:M
134,2025,GRUESA,BASICA,MAIZ,BUENOS AIRES,SALLIQUELLO,BUENOSAIRES,SALLIQUELLO,MAIZ,BASICA,25.0,26128.349788434414,0.0,690.1205259313367,0.0,0.0,0.0,0.0,690.1205259313367,0.0264127100073046,0.0,0.0,27.60482103725347,1045.1339915373765,0.0,0.0004025531706668719,False,Normal,Sin siniestros,Copia de REA 25-26 v2.xlsx,25-26,A:M
135,2025,GRUESA,BASICA,MAIZ,BUENOS AIRES,TORNQUIST,BUENOSAIRES,TORNQUIST,MAIZ,BASICA,98.0,57597.46121297602,0.0,1783.8047333820307,0.0,0.0,0.0,0.0,1783.8047333820307,0.03097019722425128,0.0,0.0,18.20208911614317,587.7291960507757,0.0,0.0008873901651419585,False,Normal,Sin siniestros,Copia de REA 25-26 v2.xlsx,25-26,A:M
136,2025,GRUESA,BASICA,MAIZ,BUENOS AIRES,TRES LOMAS,BUENOSAIRES,TRESLOMAS,MAIZ,BASICA,43.0,34763.8928067701,0.0,918.2086194302411,0.0,0.0,0.0,0.0,918.2086194302411,0.026412710007304604,0.0,0.0,21.353688823959097,808.4626234132581,0.0,0.0005355988949705151,False,Normal,Sin siniestros,Copia de REA 25-26 v2.xlsx,25-26,A:M
137,2025,GRUESA,BASICA + VIENTOS,MAIZ,BUENOS AIRES,GENERAL PINTO,BUENOSAIRES,GENERALPINTO,MAIZ,BASICAVIENTOS,42.0,42799.71791255289,0.0,1183.654492330168,0.0,0.0,0.0,0.0,1183.654492330168,0.027655661066471878,0.0,0.0,28.182249817384953,1019.0409026798308,0.0,0.0006594049103312404,False,Normal,Sin siniestros,Copia de REA 25-26 v2.xlsx,25-26,A:M
138,2025,GRUESA,BASICA + VIENTOS,MAIZ,BUENOS AIRES,JUNIN,BUENOSAIRES,JUNIN,MAIZ,BASICAVIENTOS,60.0,42000.0,0.0,1120.0,0.0,0.0,0.0,0.0,1120.0,0.02666666666666667,0.0,0.0,18.666666666666668,700.0,0.0,0.000647083849722975,False,Normal,Sin siniestros,Copia de REA 25-26 v2.xlsx,25-26,A:M
139,2025,GRUESA,BASICA + VIENTOS,MAIZ,BUENOS AIRES,LOBERIA,BUENOSAIRES,LOBERIA,MAIZ,BASICAVIENTOS,143.0,79466.85472496474,0.0,2683.344338933528,0.0,0.0,0.0,0.0,2683.344338933528,0.03376683710737765,0.0,0.0,18.76464572680789,555.7122708039492,0.0,0.0012243266257334897,False,Normal,Sin siniestros,Copia de REA 25-26 v2.xlsx,25-26,A:M
140,2025,GRUESA,BASICA,MAIZ,CORDOBA,GENERAL ROCA,CORDOBA,GENERALROCA,MAIZ,BASICA,450.0,149264.15726375175,0.0,6122.0,0.0,0.0,0.0,0.0,6122.0,0.04101453498432544,0.0,0.0,13.604444444444445,331.69812725278166,0.0,0.002299676797806763,False,Normal,Sin siniestros,Copia de REA 25-26 v2.xlsx,25-26,A:M
141,2025,GRUESA,BASICA,MAIZ,CORDOBA,GENERAL SAN MARTIN,CORDOBA,GENERALSANMARTIN,MAIZ,BASICA,191.0,107930.18335684061,0.0,4158.710007304602,0.0,0.0,0.0,0.0,4158.710007304602,0.03853148283418554,0.0,0.0,21.773350823584305,565.0794940148724,0.0,0.0016628542511393093,False,Normal,Sin siniestros,Copia de REA 25-26 v2.xlsx,25-26,A:M
142,2025,GRUESA,BASICA,MAIZ,CORDOBA,JUAREZ CELMAN,CORDOBA,JUAREZCELMAN,MAIZ,BASICA,1400.0,836801.8335684062,0.0,29836.863403944484,18632.169466764062,602.6203871439006,0.0,19234.78985390796,10602.073550036523,0.03565582938162313,0.022986075176107477,0.6446652784342302,21.312045288531774,597.7155954060044,13.739135609934259,0.01289240361715925,True,Normal,Rentable con siniestro,Copia de REA 25-26 v2.xlsx,25-26,A:M
143,2025,GRUESA,BASICA,MAIZ,CORDOBA,PRESIDENTE ROQUE SAENZ PEÑA,CORDOBA,PRESIDENTEROQUESAENZPENA,MAIZ,BASICA,1386.0,955152.3977433004,0.0,30240.0,0.0,0.0,0.0,0.0,30240.0,0.03165986922238463,0.0,0.0,21.818181818181817,689.1431441149354,0.0,0.014715802157234883,False,Normal,Sin siniestros,Copia de REA 25-26 v2.xlsx,25-26,A:M
144,2025,GRUESA,BASICA,MAIZ,CORDOBA,RIO CUARTO,CORDOBA,RIOCUARTO,MAIZ,BASICA,585.0,292575.8110014104,0.0,15552.510226442659,0.0,0.0,0.0,0.0,15552.510226442659,0.053157197695908244,0.0,0.0,26.58548756656865,500.1295914554024,0.0,0.004507644812347957,False,Normal,Sin siniestros,Copia de REA 25-26 v2.xlsx,25-26,A:M
145,2025,GRUESA,BASICA,MAIZ,CORDOBA,SAN JUSTO,CORDOBA,SANJUSTO,MAIZ,BASICA,2350.0,1328430.1833568406,0.0,27627.561183345508,0.0,0.0,0.0,0.0,27627.561183345508,0.020797149544986092,0.0,0.0,11.756409014189577,565.2894397263152,0.0,0.02046680278892243,False,Normal,Sin siniestros,Copia de REA 25-26 v2.xlsx,25-26,A:M
146,2025,GRUESA,BASICA,MAIZ,CORDOBA,TERCERO ARRIBA,CORDOBA,TERCEROARRIBA,MAIZ,BASICA,272.0,160291.9605077574,0.0,5857.537545653762,0.0,0.0,0.0,0.0,5857.537545653762,0.036542927836797426,0.0,0.0,21.53506450608001,589.3086783373434,0.0,0.00246957949726197,False,Normal,Sin siniestros,Copia de REA 25-26 v2.xlsx,25-26,A:M
147,2025,GRUESA,BASICA,MAIZ,CORDOBA,UNION,CORDOBA,UNION,MAIZ,BASICA,100.0,58210.86036671368,0.0,1618.2348429510591,0.0,0.0,0.0,0.0,1618.2348429510591,0.027799534876423223,0.0,0.0,16.18234842951059,582.1086036671368,0.0,0.0008968406576614199,False,Normal,Sin siniestros,Copia de REA 25-26 v2.xlsx,25-26,A:M
148,2025,GRUESA,BASICA,MAIZ,LA PAMPA,ATREUCO,LAPAMPA,ATREUCO,MAIZ,BASICA,140.0,72443.58251057829,0.0,1995.9715120525932,0.0,0.0,0.0,0.0,1995.9715120525932,0.02755208181154127,0.0,0.0,14.256939371804236,517.4541607898449,0.0,0.0011161207680635472,False,Normal,Sin siniestros,Copia de REA 25-26 v2.xlsx,25-26,A:M
149,2025,GRUESA,BASICA,MAIZ,LA PAMPA,CAPITAL,LAPAMPA,CAPITAL,MAIZ,BASICA,35.0,12418.459097320168,0.0,410.3227757487217,3540.1873630387145,631.476523009496,0.0,4171.663886048211,-3761.341110299489,0.03304135984449689,0.335924437432695,10.16678608306867,11.723507878534907,354.81311706629054,119.19039674423459,0.00019132819810288657,True,Crítico,Resultado negativo,Copia de REA 25-26 v2.xlsx,25-26,A:M
150,2025,GRUESA,BASICA,MAIZ,LA PAMPA,CATRILO,LAPAMPA,CATRILO,MAIZ,BASICA,4173.0,829998.8885754584,0.0,22340.78117604091,0.0,0.0,0.0,0.0,22340.78117604091,0.026916639869704863,0.0,0.0,5.3536499343496065,198.89740919613192,0.0,0.012787592287742814,False,Normal,Sin siniestros,Copia de REA 25-26 v2.xlsx,25-26,A:M
151,2025,GRUESA,BASICA,MAIZ,LA PAMPA,CHAPALEUFU,LAPAMPA,CHAPALEUFU,MAIZ,BASICA,2519.0,585361.8124118476,0.0,20041.101358655953,0.0,0.0,0.0,0.0,20041.101358655953,0.03423711785379583,0.0,0.0,7.955975132455718,232.37864724567194,0.0,0.009018527977530388,False,Normal,Sin siniestros,Copia de REA 25-26 v2.xlsx,25-26,A:M
152,2025,GRUESA,BASICA,MAIZ,LA PAMPA,CONHELLO,LAPAMPA,CONHELLO,MAIZ,BASICA,2546.0,842315.2679830748,0.0,28528.02909422937,3996.318714390066,989.9771512052592,0.0,4986.295865595325,23541.733228634042,0.033868588376107414,0.005919750068801458,0.17478585180649406,11.205038921535495,330.83867556287305,1.9584822724255009,0.012977347768736366,True,Normal,Rentable con siniestro,Copia de REA 25-26 v2.xlsx,25-26,A:M
153,2025,GRUESA,BASICA,MAIZ,LA PAMPA,MARACO,LAPAMPA,MARACO,MAIZ,BASICA,3700.0,1572907.0662905502,0.0,48747.37180423667,0.0,0.0,0.0,0.0,48747.37180423667,0.030991895738124917,0.0,0.0,13.174965352496397,425.1100179163649,0.0,0.024233399040756186,False,Normal,Sin siniestros,Copia de REA 25-26 v2.xlsx,25-26,A:M
154,2025,GRUESA,BASICA,MAIZ,LA PAMPA,QUEMU QUEMU,LAPAMPA,QUEMUQUEMU,MAIZ,BASICA,3714.0,1278913.3286318758,0.0,32645.0,0.0,0.0,0.0,0.0,32645.0,0.02552557649463405,0.0,0.0,8.789714593430263,344.34930765532465,0.0,0.019703908575074727,False,Normal,Sin siniestros,Copia de REA 25-26 v2.xlsx,25-26,A:M
155,2025,GRUESA,BASICA,MAIZ,LA PAMPA,RANCUL,LAPAMPA,RANCUL,MAIZ,BASICA,2946.0,463501.41043723555,0.0,14040.403272461652,0.0,0.0,0.0,0.0,14040.403272461652,0.0302920400160528,0.0,0.0,4.765921002193364,157.33245432356944,0.0,0.007141054214708455,False,Normal,Sin siniestros,Copia de REA 25-26 v2.xlsx,25-26,A:M
156,2025,GRUESA,BASICA,MAIZ,LA PAMPA,TRENEL,LAPAMPA,TRENEL,MAIZ,BASICA,992.0,252634.69675599434,0.0,6725.144616508401,0.0,0.0,0.0,0.0,6725.144616508401,0.026620035580480223,0.0,0.0,6.7793796537383075,254.67207334273624,0.0,0.0038922817178682193,False,Normal,Sin siniestros,Copia de REA 25-26 v2.xlsx,25-26,A:M
157,2025,GRUESA,BASICA,MAIZ,SANTA FE,BELGRANO,SANTAFE,BELGRANO,MAIZ,BASICA,100.0,79744.71086036671,0.0,1978.0584368151935,0.0,0.0,0.0,0.0,1978.0584368151935,0.024804885684252855,0.0,0.0,19.780584368151935,797.4471086036672,0.0,0.0012286074880612293,False,Normal,Sin siniestros,Copia de REA 25-26 v2.xlsx,25-26,A:M
158,2025,GRUESA,BASICA,MAIZ,SANTA FE,CASEROS,SANTAFE,CASEROS,MAIZ,BASICA,33.0,32092.383638928066,0.0,1003.6138349159971,0.0,0.0,0.0,0.0,1003.6138349159971,0.03127264855760397,0.0,0.0,30.412540451999913,972.4964739069111,0.0,0.0004944395988539093,False,Normal,Sin siniestros,Copia de REA 25-26 v2.xlsx,25-26,A:M
159,2025,GRUESA,BASICA,MAIZ,SANTA FE,CONSTITUCION,SANTAFE,CONSTITUCION,MAIZ,BASICA,20.0,7052.186177715092,0.0,204.01753104455807,0.0,0.0,0.0,0.0,204.01753104455807,0.028929685902118335,0.0,0.0,10.200876552227903,352.60930888575456,0.0,0.00010865132811521509,False,Normal,Sin siniestros,Copia de REA 25-26 v2.xlsx,25-26,A:M
160,2025,GRUESA,BASICA,MAIZ,SANTA FE,GENERAL LOPEZ,SANTAFE,GENERALLOPEZ,MAIZ,BASICA,152.0,136509.16784203102,0.0,3181.968371073777,0.0,0.0,0.0,0.0,3181.968371073777,0.023309558041962164,0.0,0.0,20.934002441274846,898.0866305396778,0.0,0.0021031637583262186,False,Normal,Sin siniestros,Copia de REA 25-26 v2.xlsx,25-26,A:M
161,2025,GRUESA,BASICA,MAIZ,SANTA FE,ROSARIO,SANTAFE,ROSARIO,MAIZ,BASICA,55.0,53487.30606488011,0.0,1659.2825054784514,0.0,0.0,0.0,0.0,1659.2825054784514,0.03102198685171658,0.0,0.0,30.168772826880936,972.4964739069111,0.0,0.0008240659980898489,False,Normal,Sin siniestros,Copia de REA 25-26 v2.xlsx,25-26,A:M
162,2025,GRUESA,BASICA,MAIZ,SANTA FE,SAN MARTIN,SANTAFE,SANMARTIN,MAIZ,BASICA,1128.0,957909.0267983074,0.0,17919.229364499635,0.0,0.0,0.0,0.0,17919.229364499635,0.01870660873130348,0.0,0.0,15.885841635194712,849.2101301403435,0.0,0.014758272874881838,False,Normal,Sin siniestros,Copia de REA 25-26 v2.xlsx,25-26,A:M
163,2025,GRUESA,BASICA,SOJA,BUENOS AIRES,9 DE JULIO,BUENOSAIRES,9DEJULIO,SOJA,BASICA,565.0,343078.9844851904,0.0,6460.173046018992,0.0,0.0,0.0,0.0,6460.173046018992,0.0188299876651228,0.0,0.0,11.43393459472388,607.2194415667087,0.0,0.005285735000945853,False,Normal,Sin siniestros,Copia de REA 25-26 v2.xlsx,25-26,A:M
164,2025,GRUESA,BASICA,SOJA,BUENOS AIRES,ADOLFO ALSINA,BUENOSAIRES,ADOLFOALSINA,SOJA,BASICA,192.0,47932.29901269393,0.0,1176.655661066472,0.0,0.0,0.0,0.0,1176.655661066472,0.024548283418553692,0.0,0.0,6.128414901387875,249.64739069111423,0.0,0.0007384813469334939,False,Normal,Sin siniestros,Copia de REA 25-26 v2.xlsx,25-26,A:M
165,2025,GRUESA,BASICA,SOJA,BUENOS AIRES,BOLIVAR,BUENOSAIRES,BOLIVAR,SOJA,BASICA,355.0,128194.11565585331,0.0,2688.2564645726807,0.0,0.0,0.0,0.0,2688.2564645726807,0.020970201719628895,0.0,0.0,7.572553421331495,361.11018494606566,0.0,0.0019750557588195682,False,Normal,Sin siniestros,Copia de REA 25-26 v2.xlsx,25-26,A:M
166,2025,GRUESA,BASICA,SOJA,BUENOS AIRES,BRAGADO,BUENOSAIRES,BRAGADO,SOJA,BASICA,391.0,230405.2891396333,0.0,6098.185032870709,0.0,0.0,0.0,0.0,6098.185032870709,0.026467209392814786,0.0,0.0,15.596381158237106,589.2718392317987,0.0,0.003549798606976407,False,Normal,Sin siniestros,Copia de REA 25-26 v2.xlsx,25-26,A:M
167,2025,GRUESA,BASICA,SOJA,BUENOS AIRES,TANDIL,BUENOSAIRES,TANDIL,SOJA,BASICA,178.0,106423.41325811001,0.0,2755.8144631117602,0.0,0.0,0.0,0.0,2755.8144631117602,0.02589481373265157,0.0,0.0,15.482103725346967,597.8843441466855,0.0,0.0016396398083742124,False,Normal,Sin siniestros,Copia de REA 25-26 v2.xlsx,25-26,A:M
168,2025,GRUESA,BASICA,SOJA,BUENOS AIRES,CAPITAN SARMIENTO,BUENOSAIRES,CAPITANSARMIENTO,SOJA,BASICA,31.0,12985.89562764457,0.0,279.7744338933528,0.0,0.0,0.0,0.0,279.7744338933528,0.021544485025566107,0.0,0.0,9.024981738495251,418.89985895627643,0.0,0.00020007055559135707,False,Normal,Sin siniestros,Copia de REA 25-26 v2.xlsx,25-26,A:M
169,2025,GRUESA,BASICA,SOJA,BUENOS AIRES,CARLOS TEJEDOR,BUENOSAIRES,CARLOSTEJEDOR,SOJA,BASICA,500.0,287993.65303244005,0.0,6024.609203798393,0.0,0.0,0.0,0.0,6024.609203798393,0.020919242977621356,0.0,0.0,12.049218407596785,575.9873060648802,0.0,0.004437048611905097,False,Normal,Sin siniestros,Copia de REA 25-26 v2.xlsx,25-26,A:M
170,2025,GRUESA,BASICA,SOJA,BUENOS AIRES,COLON,BUENOSAIRES,COLON,SOJA,BASICA,195.5,128497.5317348378,0.0,2469.5474068663257,0.0,0.0,0.0,0.0,2469.5474068663257,0.019218636914850488,0.0,0.0,12.63195604535205,657.2763771602956,0.0,0.0019797304170209285,False,Normal,Sin siniestros,Copia de REA 25-26 v2.xlsx,25-26,A:M
171,2025,GRUESA,BASICA,SOJA,BUENOS AIRES,CORONEL SUAREZ,BUENOSAIRES,CORONELSUAREZ,SOJA,BASICA,321.0,90550.07052186178,0.0,2171.6388604821036,0.0,0.0,0.0,0.0,2171.6388604821036,0.023982740686632576,0.0,0.0,6.765230094959825,282.08744710860367,0.0,0.001395083052999362,False,Normal,Sin siniestros,Copia de REA 25-26 v2.xlsx,25-26,A:M
172,2025,GRUESA,BASICA,SOJA,BUENOS AIRES,EXALTACION DE LA CRUZ,BUENOSAIRES,EXALTACIONDELACRUZ,SOJA,BASICA,246.0,128811.70662905501,0.0,2401.599707815924,0.0,0.0,0.0,0.0,2401.599707815924,0.01864426588750913,0.0,0.0,9.762600438276113,523.6248236953456,0.0,0.0019845708336884613,False,Normal,Sin siniestros,Copia de REA 25-26 v2.xlsx,25-26,A:M
173,2025,GRUESA,BASICA,SOJA,BUENOS AIRES,GENERAL ARENALES,BUENOSAIRES,GENERALARENALES,SOJA,BASICA,46.0,33721.438645980255,0.0,688.0891161431701,0.0,0.0,0.0,0.0,688.0891161431701,0.020405093725892783,0.0,0.0,14.958459046590656,733.0747531734838,0.0,0.000519538055648524,False,Normal,Sin siniestros,Copia de REA 25-26 v2.xlsx,25-26,A:M
174,2025,GRUESA,BASICA,SOJA,BUENOS AIRES,GENERAL VILLEGAS,BUENOSAIRES,GENERALVILLEGAS,SOJA,BASICA,4659.5,2088597.9019746121,0.0,62932.0,0.0,0.0,0.0,0.0,62932.0,0.030131218623030566,0.0,0.0,13.506170189934542,448.2450696372169,0.0,0.03217852311745383,False,Normal,Sin siniestros,Copia de REA 25-26 v2.xlsx,25-26,A:M
175,2025,GRUESA,BASICA,SOJA,BUENOS AIRES,LEANDRO N. ALEM,BUENOSAIRES,LEANDRONALEM,SOJA,BASICA,701.0,249734.73201692523,0.0,4475.065346968589,0.0,0.0,0.0,0.0,4475.065346968589,0.017919275027653347,0.0,0.0,6.383830737473024,356.2549672138734,0.0,0.003847602661977321,False,Normal,Sin siniestros,Copia de REA 25-26 v2.xlsx,25-26,A:M
176,2025,GRUESA,BASICA,SOJA,BUENOS AIRES,LINCOLN,BUENOSAIRES,LINCOLN,SOJA,BASICA,3240.0,1252634.7672778561,0.0,24408.313257852446,0.0,0.0,0.0,0.0,24408.313257852446,0.019485578634301358,0.0,0.0,7.533430017855693,386.6156689129186,0.0,0.019299041131119,False,Normal,Sin siniestros,Copia de REA 25-26 v2.xlsx,25-26,A:M
177,2025,GRUESA,BASICA,SOJA,BUENOS AIRES,MAIPU,BUENOSAIRES,MAIPU,SOJA,BASICA,557.71,398381.14174894214,0.0,8170.27569028488,0.0,0.0,0.0,0.0,8170.27569028488,0.020508690884353527,0.0,0.0,14.649684764994134,714.3159379407615,0.0,0.006137761972855707,False,Normal,Sin siniestros,Copia de REA 25-26 v2.xlsx,25-26,A:M
178,2025,GRUESA,BASICA,SOJA,BUENOS AIRES,PEHUAJO,BUENOSAIRES,PEHUAJO,SOJA,BASICA,160.0,60944.99294781382,0.0,1199.4010226442658,0.0,0.0,0.0,0.0,1199.4010226442658,0.019680058436815192,0.0,0.0,7.496256391526662,380.9062059238364,0.0,0.0009389647775716888,False,Normal,Sin siniestros,Copia de REA 25-26 v2.xlsx,25-26,A:M
179,2025,GRUESA,BASICA,SOJA,BUENOS AIRES,ROJAS,BUENOSAIRES,ROJAS,SOJA,BASICA,263.0,165255.99435825105,0.0,4313.5507669831995,0.0,0.0,0.0,0.0,4313.5507669831995,0.02610223480082693,0.0,0.0,16.401333714765016,628.3497884344147,0.0,0.00254605916712227,False,Normal,Sin siniestros,Copia de REA 25-26 v2.xlsx,25-26,A:M
180,2025,GRUESA,BASICA,SOJA,BUENOS AIRES,TRES LOMAS,BUENOSAIRES,TRESLOMAS,SOJA,BASICA,57.0,34561.77715091679,0.0,930.7696128560995,0.0,0.0,0.0,0.0,930.7696128560995,0.026930606281957634,0.0,0.0,16.32929145361578,606.3469675599437,0.0,0.0005324849479067331,False,Normal,Sin siniestros,Copia de REA 25-26 v2.xlsx,25-26,A:M
181,2025,GRUESA,BASICA + HELADAS,SOJA,BUENOS AIRES,GENERAL VILLEGAS,BUENOSAIRES,GENERALVILLEGAS,SOJA,BASICAHELADAS,983.0,118611.63610719323,71166.98166431594,4521.140248356464,0.0,0.0,0.0,0.0,4521.140248356464,0.03811717295822951,0.0,0.0,4.599328838612883,120.66290550070522,0.0,0.0018274208122424577,False,Normal,Sin siniestros,Copia de REA 25-26 v2.xlsx,25-26,A:M
182,2025,GRUESA,BASICA,SOJA,CORDOBA,GENERAL ROCA,CORDOBA,GENERALROCA,SOJA,BASICA,1464.0,353615.30324400566,0.0,12271.14150474799,0.0,0.0,0.0,0.0,12271.14150474799,0.0347019526365931,0.0,0.0,8.381927257341523,241.54050768033173,0.0,0.005448065517716391,False,Normal,Sin siniestros,Copia de REA 25-26 v2.xlsx,25-26,A:M
183,2025,GRUESA,BASICA,SOJA,CORDOBA,GENERAL SAN MARTIN,CORDOBA,GENERALSANMARTIN,SOJA,BASICA,326.0,136561.35401974613,0.0,7638.258582907231,0.0,0.0,0.0,0.0,7638.258582907231,0.055932797662527386,0.0,0.0,23.430241051862673,418.89985895627643,0.0,0.002103967778154271,False,Normal,Sin siniestros,Copia de REA 25-26 v2.xlsx,25-26,A:M
184,2025,GRUESA,BASICA,SOJA,CORDOBA,JUAREZ CELMAN,CORDOBA,JUAREZCELMAN,SOJA,BASICA,2669.0,1121616.2905500706,0.0,44185.67678597516,0.0,0.0,0.0,0.0,44185.67678597516,0.039394646064123524,0.0,0.0,16.55514304457668,420.238400355965,0.0,0.017280471123836728,False,Normal,Sin siniestros,Copia de REA 25-26 v2.xlsx,25-26,A:M
185,2025,GRUESA,BASICA,SOJA,CORDOBA,PRESIDENTE ROQUE SAENZ PEÑA,CORDOBA,PRESIDENTEROQUESAENZPENA,SOJA,BASICA,5400.5,3095177.1579689705,0.0,93804.0,0.0,0.0,0.0,0.0,93804.0,0.030306504349351494,0.0,0.0,17.36950282381261,573.1278877824221,0.0,0.04768664645126615,False,Normal,Sin siniestros,Copia de REA 25-26 v2.xlsx,25-26,A:M
186,2025,GRUESA,BASICA,SOJA,CORDOBA,RIO CUARTO,CORDOBA,RIOCUARTO,SOJA,BASICA,3648.92,1310362.1121297602,0.0,86293.66891891892,0.0,0.0,0.0,0.0,86293.66891891892,0.06585482602107896,0.0,0.0,23.64909861518447,359.1095754715807,0.0,0.02018843238209652,False,Normal,Sin siniestros,Copia de REA 25-26 v2.xlsx,25-26,A:M
187,2025,GRUESA,BASICA,SOJA,CORDOBA,RIO PRIMERO,CORDOBA,RIOPRIMERO,SOJA,BASICA,150.0,62834.978843441466,0.0,2414.6165084002923,0.0,0.0,0.0,0.0,2414.6165084002923,0.038427903579254935,0.0,0.0,16.097443389335282,418.89985895627643,0.0,0.0009680833335065664,False,Normal,Sin siniestros,Copia de REA 25-26 v2.xlsx,25-26,A:M
188,2025,GRUESA,BASICA,SOJA,CORDOBA,RIO SEGUNDO,CORDOBA,RIOSEGUNDO,SOJA,BASICA,528.0,38673.728631875885,0.0,1862.6963623082545,0.0,0.0,0.0,0.0,1862.6963623082545,0.04816438518351117,0.0,0.0,3.527834019523209,73.2456981664316,0.0,0.0005958367906251403,False,Normal,Sin siniestros,Copia de REA 25-26 v2.xlsx,25-26,A:M
189,2025,GRUESA,BASICA,SOJA,CORDOBA,RIO TERCERO,CORDOBA,RIOTERCERO,SOJA,BASICA,128.0,40214.38645980254,0.0,1728.6311176040906,0.0,0.0,0.0,0.0,1728.6311176040906,0.04298539079620161,0.0,0.0,13.504930606281958,314.17489421720734,0.0,0.0006195733334442026,False,Normal,Sin siniestros,Copia de REA 25-26 v2.xlsx,25-26,A:M
190,2025,GRUESA,BASICA,SOJA,CORDOBA,SAN JUSTO,CORDOBA,SANJUSTO,SOJA,BASICA,1525.0,571756.4174894217,0.0,13096.349883126368,0.0,0.0,0.0,0.0,13096.349883126368,0.022905470725859706,0.0,0.0,8.587770415164831,374.92224097666997,0.0,0.00880891294602075,False,Normal,Sin siniestros,Copia de REA 25-26 v2.xlsx,25-26,A:M
191,2025,GRUESA,BASICA,SOJA,CORDOBA,SANTA MARIA,CORDOBA,SANTAMARIA,SOJA,BASICA,530.0,77906.82299012694,0.0,3752.3370270270266,0.0,0.0,0.0,0.0,3752.3370270270266,0.04816442107390975,0.0,0.0,7.079881183069862,146.99400564174894,0.0,0.0012002915938128028,False,Normal,Sin siniestros,Copia de REA 25-26 v2.xlsx,25-26,A:M
192,2025,GRUESA,BASICA,SOJA,CORDOBA,TERCERO ARRIBA,CORDOBA,TERCEROARRIBA,SOJA,BASICA,3801.0,1405092.136812412,0.0,78156.53951789626,3095.7487216946674,5215.732140248357,0.0,8311.480861943024,69845.05865595324,0.05562378257642376,0.005915256832052612,0.10634402333076509,20.562099320677785,369.66380868519127,2.1866563698876673,0.021647914978668015,True,Normal,Rentable con siniestro,Copia de REA 25-26 v2.xlsx,25-26,A:M
193,2025,GRUESA,BASICA,SOJA,CORDOBA,UNION,CORDOBA,UNION,SOJA,BASICA,195.0,79067.34837799717,0.0,2107.2030679327977,0.0,0.0,0.0,0.0,2107.2030679327977,0.0266507365070458,0.0,0.0,10.806169579142553,405.47358142562655,0.0,0.0012181715279957627,False,Normal,Sin siniestros,Copia de REA 25-26 v2.xlsx,25-26,A:M
194,2025,GRUESA,BASICA,SOJA,LA PAMPA,CATRILO,LAPAMPA,CATRILO,SOJA,BASICA,254.0,64798.66008462624,0.0,1724.9423813002193,0.0,0.0,0.0,0.0,1724.9423813002193,0.026620031634102714,0.0,0.0,6.791111737402438,255.11283497884347,0.0,0.0009983372958202483,False,Normal,Sin siniestros,Copia de REA 25-26 v2.xlsx,25-26,A:M
195,2025,GRUESA,BASICA,SOJA,LA PAMPA,CHAPALEUFU,LAPAMPA,CHAPALEUFU,SOJA,BASICA,5029.0,2472703.843441467,0.0,84201.0,0.0,0.0,0.0,0.0,84201.0,0.03405219764725665,0.0,0.0,16.74309007755021,491.6889726469411,0.0,0.03809635052949764,False,Normal,Sin siniestros,Copia de REA 25-26 v2.xlsx,25-26,A:M
196,2025,GRUESA,BASICA,SOJA,LA PAMPA,CONHELLO,LAPAMPA,CONHELLO,SOJA,BASICA,3715.0,1235797.9019746121,0.0,41111.032856099344,0.0,0.0,0.0,0.0,41111.032856099344,0.0332667928877451,0.0,0.0,11.066226879165368,332.6508484453868,0.0,0.01903963961641209,False,Normal,Sin siniestros,Copia de REA 25-26 v2.xlsx,25-26,A:M
197,2025,GRUESA,BASICA,SOJA,LA PAMPA,MARACO,LAPAMPA,MARACO,SOJA,BASICA,5131.0,2122725.282087447,0.0,58607.0,0.0,0.0,0.0,0.0,58607.0,0.027609319253204073,0.0,0.0,11.422139933736114,413.7059602587112,0.0,0.03270431541517699,False,Normal,Sin siniestros,Copia de REA 25-26 v2.xlsx,25-26,A:M
198,2025,GRUESA,BASICA,SOJA,LA PAMPA,QUEMU QUEMU,LAPAMPA,QUEMUQUEMU,SOJA,BASICA,2578.0,940095.9238363893,0.0,27539.626932067204,3536.1911541271,1339.1431701972242,0.0,4875.334324324324,22664.29260774288,0.029294486055935813,0.005185996663434963,0.1770297882520505,10.682555055107526,364.6609479582581,1.8911304593965572,0.014483830702498274,True,Normal,Rentable con siniestro,Copia de REA 25-26 v2.xlsx,25-26,A:M
199,2025,GRUESA,BASICA,SOJA,LA PAMPA,RANCUL,LAPAMPA,RANCUL,SOJA,BASICA,1236.0,157659.73201692523,0.0,4196.891906501095,0.0,0.0,0.0,0.0,4196.891906501095,0.026619935558754765,0.0,0.0,3.395543613674025,127.5564174894217,0.0,0.002429025389042966,False,Normal,Sin siniestros,Copia de REA 25-26 v2.xlsx,25-26,A:M
200,2025,GRUESA,BASICA,SOJA,LA PAMPA,TRENEL,LAPAMPA,TRENEL,SOJA,BASICA,100.0,49365.30324400564,0.0,2019.7224251278305,0.0,0.0,0.0,0.0,2019.7224251278305,0.040913805697589484,0.0,0.0,20.197224251278307,493.6530324400564,0.0,0.0007605592968065056,False,Normal,Sin siniestros,Copia de REA 25-26 v2.xlsx,25-26,A:M
201,2025,GRUESA,BASICA + VIENTOS,SOJA,LA PAMPA,QUEMU QUEMU,LAPAMPA,QUEMUQUEMU,SOJA,BASICAVIENTOS,73.0,44788.43441466855,0.0,1489.1680058436816,0.0,0.0,0.0,0.0,1489.1680058436816,0.033248940832724616,0.0,0.0,20.39956172388605,613.540197461213,0.0,0.0006900445848597311,False,Normal,Sin siniestros,Copia de REA 25-26 v2.xlsx,25-26,A:M
202,2025,GRUESA,BASICA,SOJA,SAN LUIS,SAN LUIS,SANLUIS,SANLUIS,SOJA,BASICA,440.0,64510.57827926657,0.0,5512.615047479912,0.0,0.0,0.0,0.0,5512.615047479912,0.08545288531775018,0.0,0.0,12.528670562454346,146.61495063469675,0.0,0.0009938988890667417,False,Normal,Sin siniestros,Copia de REA 25-26 v2.xlsx,25-26,A:M
203,2025,GRUESA,BASICA,SOJA,SANTA FE,BELGRANO,SANTAFE,BELGRANO,SOJA,BASICA,44.0,25343.441466854725,0.0,648.4536157779401,0.0,0.0,0.0,0.0,648.4536157779401,0.02558664404856051,0.0,0.0,14.737582176771365,575.9873060648802,0.0,0.0003904602778476485,False,Normal,Sin siniestros,Copia de REA 25-26 v2.xlsx,25-26,A:M
204,2025,GRUESA,BASICA,SOJA,SANTA FE,CONSTITUCION,SANTAFE,CONSTITUCION,SOJA,BASICA,20.0,7052.186177715092,0.0,198.64864864864865,0.0,0.0,0.0,0.0,198.64864864864865,0.028168378378378378,0.0,0.0,9.932432432432432,352.60930888575456,0.0,0.00010865132811521509,False,Normal,Sin siniestros,Copia de REA 25-26 v2.xlsx,25-26,A:M
205,2025,GRUESA,BASICA,SOJA,SANTA FE,GENERAL LOPEZ,SANTAFE,GENERALLOPEZ,SOJA,BASICA,505.5,216393.8645980254,0.0,5114.495982468956,0.0,0.0,0.0,0.0,5114.495982468956,0.023635124738724343,0.0,0.0,10.117697294696253,428.078861717162,0.0,0.003333927975250535,False,Normal,Sin siniestros,Copia de REA 25-26 v2.xlsx,25-26,A:M
206,2025,GRUESA,BASICA,SOJA,SANTA FE,ROSARIO,SANTAFE,ROSARIO,SOJA,BASICA,1170.0,462360.7193229901,0.0,12501.834258582909,538.8339663988312,538.8339663988312,0.0,1077.6679327976624,11424.166325785247,0.027039135757225812,0.0023307947404693752,0.08620078546136611,10.685328426139238,395.18010198546165,0.9210837032458653,0.007123479862385818,True,Normal,Rentable con siniestro,Copia de REA 25-26 v2.xlsx,25-26,A:M
207,2025,GRUESA,BASICA,SOJA,SANTA FE,SAN MARTIN,SANTAFE,SANMARTIN,SOJA,BASICA,2427.0,1286252.9619181945,0.0,27525.02366691015,0.0,0.0,0.0,0.0,27525.02366691015,0.02139938603201501,0.0,0.0,11.341171679814648,529.976498524184,0.0,0.019816988531323916,False,Normal,Sin siniestros,Copia de REA 25-26 v2.xlsx,25-26,A:M
208,2025,GRUESA,BASICA,SORGO,BUENOS AIRES,GENERAL VILLEGAS,BUENOSAIRES,GENERALVILLEGAS,SORGO,BASICA,147.0,112958.9562764457,0.0,2685.133791088386,0.0,0.0,0.0,0.0,2685.133791088386,0.023770879969154713,0.0,0.0,18.266216265907385,768.4282739894264,0.0,0.001740331340191707,False,Normal,Sin siniestros,Copia de REA 25-26 v2.xlsx,25-26,A:M
209,2025,GRUESA,BASICA,SORGO,CORDOBA,RIO TERCERO,CORDOBA,RIOTERCERO,SORGO,BASICA,50.0,18203.45557122708,0.0,782.4826515704895,0.0,0.0,0.0,0.0,782.4826515704895,0.04298539079620161,0.0,0.0,15.64965303140979,364.06911142454163,0.0,0.00028045624069739897,False,Normal,Sin siniestros,Copia de REA 25-26 v2.xlsx,25-26,A:M
210,2025,GRUESA,BASICA,SORGO,CORDOBA,TERCERO ARRIBA,CORDOBA,TERCEROARRIBA,SORGO,BASICA,80.0,42318.406205923835,0.0,1648.1241782322863,0.0,0.0,0.0,0.0,1648.1241782322863,0.03894579985390796,0.0,0.0,20.60155222790358,528.980077574048,0.0,0.000651989457187377,False,Normal,Sin siniestros,Copia de REA 25-26 v2.xlsx,25-26,A:M
